[12:42:06] [main/INFO]: ModLauncher running: args [--username, alexsteam08, --version, Teste, --gameDir, C:\Users\alexe\AppData\Roaming\.minecraft\versions\Teste, --assetsDir, C:\Users\alexe\AppData\Roaming\.minecraft\assets, --assetIndex, 5, --uuid, 95fadc64-a854-11ef-9c52-9c6b00470e68, --accessToken, ????????, --clientId, null, --xuid, null, --userType, mojang, --versionType, modified, --width, 925, --height, 530, --launchTarget, forgeclient, --fml.forgeVersion, 47.4.10, --fml.mcVersion, 1.20.1, --fml.forgeGroup, net.minecraftforge, --fml.mcpVersion, 20230612.114412]
[12:42:06] [main/INFO]: ModLauncher 10.0.9+10.0.9+main.dcd20f30 starting: java version 17.0.15 by Microsoft; OS Windows 10 arch amd64 version 10.0
[12:42:13] [main/INFO]: Loading ImmediateWindowProvider fmlearlywindow
[12:42:13] [main/INFO]: Trying GL version 4.6
[12:42:13] [main/INFO]: Requested GL version 4.6 got version 4.6
[12:42:13] [main/INFO]: OptiFineTransformationService.onLoad
[12:42:13] [main/INFO]: OptiFine ZIP file URL: union:/C:/Users/alexe/AppData/Roaming/.minecraft/versions/Teste/mods/preview_OptiFine_1.20.1_HD_U_I6_pre6.jar%23199!/
[12:42:13] [main/INFO]: OptiFine ZIP file: C:\Users\alexe\AppData\Roaming\.minecraft\versions\Teste\mods\preview_OptiFine_1.20.1_HD_U_I6_pre6.jar
[12:42:13] [main/INFO]: Target.PRE_CLASS is available
[12:42:13] [main/INFO]: SpongePowered MIXIN Subsystem Version=0.8.5 Source=union:/C:/Users/alexe/AppData/Roaming/.minecraft/libraries/org/spongepowered/mixin/0.8.5/mixin-0.8.5.jar%23100!/ Service=ModLauncher Env=CLIENT
[12:42:13] [main/INFO]: OptiFineTransformationService.initialize
[12:42:13] [pool-2-thread-1/INFO]: GL info: Intel(R) UHD Graphics GL version 4.6.0 - Build 31.0.101.2141, Intel
[12:42:14] [main/INFO]: Found mod file accessories-neoforge-1.0.0-beta.48+1.20.1.jar of type MOD with provider {mods folder locator at C:\Users\alexe\AppData\Roaming\.minecraft\versions\Teste\mods}
[12:42:14] [main/INFO]: Found mod file aether-1.20.1-1.5.2-neoforge.jar of type MOD with provider {mods folder locator at C:\Users\alexe\AppData\Roaming\.minecraft\versions\Teste\mods}
[12:42:14] [main/INFO]: Found mod file appleskin-forge-mc1.20.1-2.5.1.jar of type MOD with provider {mods folder locator at C:\Users\alexe\AppData\Roaming\.minecraft\versions\Teste\mods}
[12:42:14] [main/INFO]: Found mod file appliedenergistics2-forge-15.4.10.jar of type MOD with provider {mods folder locator at C:\Users\alexe\AppData\Roaming\.minecraft\versions\Teste\mods}
[12:42:14] [main/INFO]: Found mod file BloodMagic-1.18-1.20.1-3.3.8-50.jar of type MOD with provider {mods folder locator at C:\Users\alexe\AppData\Roaming\.minecraft\versions\Teste\mods}
[12:42:14] [main/INFO]: Found mod file Botania-1.20.1-452-FORGE.jar of type MOD with provider {mods folder locator at C:\Users\alexe\AppData\Roaming\.minecraft\versions\Teste\mods}
[12:42:14] [main/INFO]: Found mod file BrandonsCore-1.20.1-3.2.1.302-universal.jar of type MOD with provider {mods folder locator at C:\Users\alexe\AppData\Roaming\.minecraft\versions\Teste\mods}
[12:42:14] [main/INFO]: Found mod file cloth-config-11.1.136-forge.jar of type MOD with provider {mods folder locator at C:\Users\alexe\AppData\Roaming\.minecraft\versions\Teste\mods}
[12:42:14] [main/INFO]: Found mod file CodeChickenLib-1.20.1-4.4.0.516-universal.jar of type MOD with provider {mods folder locator at C:\Users\alexe\AppData\Roaming\.minecraft\versions\Teste\mods}
[12:42:14] [main/INFO]: Found mod file create-1.20.1-6.0.8.jar of type MOD with provider {mods folder locator at C:\Users\alexe\AppData\Roaming\.minecraft\versions\Teste\mods}
[12:42:14] [main/INFO]: Found mod file Cucumber-1.20.1-7.0.16.jar of type MOD with provider {mods folder locator at C:\Users\alexe\AppData\Roaming\.minecraft\versions\Teste\mods}
[12:42:14] [main/INFO]: Found mod file curios-forge-5.14.1+1.20.1.jar of type MOD with provider {mods folder locator at C:\Users\alexe\AppData\Roaming\.minecraft\versions\Teste\mods}
[12:42:14] [main/INFO]: Found mod file Cyclic-1.20.1-1.13.6.jar of type MOD with provider {mods folder locator at C:\Users\alexe\AppData\Roaming\.minecraft\versions\Teste\mods}
[12:42:14] [main/INFO]: Found mod file divinerpg-1.10.7.5.jar of type MOD with provider {mods folder locator at C:\Users\alexe\AppData\Roaming\.minecraft\versions\Teste\mods}
[12:42:14] [main/INFO]: Found mod file Draconic-Evolution-1.20.1-3.1.2.621-universal.jar of type MOD with provider {mods folder locator at C:\Users\alexe\AppData\Roaming\.minecraft\versions\Teste\mods}
[12:42:14] [main/INFO]: Found mod file flib-1.20.1-0.0.16.jar of type MOD with provider {mods folder locator at C:\Users\alexe\AppData\Roaming\.minecraft\versions\Teste\mods}
[12:42:14] [main/INFO]: Found mod file FluxNetworks-1.20.1-7.2.1.15.jar of type MOD with provider {mods folder locator at C:\Users\alexe\AppData\Roaming\.minecraft\versions\Teste\mods}
[12:42:14] [main/INFO]: Found mod file geckolib-forge-1.20.1-4.8.4.jar of type MOD with provider {mods folder locator at C:\Users\alexe\AppData\Roaming\.minecraft\versions\Teste\mods}
[12:42:14] [main/INFO]: Found mod file guideme-20.1.15.jar of type MOD with provider {mods folder locator at C:\Users\alexe\AppData\Roaming\.minecraft\versions\Teste\mods}
[12:42:14] [main/INFO]: Found mod file ImmersiveEngineering-1.20.1-10.2.0-183.jar of type MOD with provider {mods folder locator at C:\Users\alexe\AppData\Roaming\.minecraft\versions\Teste\mods}
[12:42:14] [main/INFO]: Found mod file Jade-1.20.1-Forge-11.13.3.jar of type MOD with provider {mods folder locator at C:\Users\alexe\AppData\Roaming\.minecraft\versions\Teste\mods}
[12:42:14] [main/INFO]: Found mod file jei-1.20.1-forge-15.48.0.179.jar of type MOD with provider {mods folder locator at C:\Users\alexe\AppData\Roaming\.minecraft\versions\Teste\mods}
[12:42:14] [main/INFO]: Found mod file JustEnoughResources-1.20.1-1.4.0.247.jar of type MOD with provider {mods folder locator at C:\Users\alexe\AppData\Roaming\.minecraft\versions\Teste\mods}
[12:42:14] [main/INFO]: Found mod file Mantle-1.20.1-1.11.104.jar of type MOD with provider {mods folder locator at C:\Users\alexe\AppData\Roaming\.minecraft\versions\Teste\mods}
[12:42:14] [main/INFO]: Found mod file Mekanism-1.20.1-10.4.16.80.jar of type MOD with provider {mods folder locator at C:\Users\alexe\AppData\Roaming\.minecraft\versions\Teste\mods}
[12:42:14] [main/INFO]: Found mod file MekanismGenerators-1.20.1-10.4.16.80.jar of type MOD with provider {mods folder locator at C:\Users\alexe\AppData\Roaming\.minecraft\versions\Teste\mods}
[12:42:14] [main/INFO]: Found mod file MekanismTools-1.20.1-10.4.16.80.jar of type MOD with provider {mods folder locator at C:\Users\alexe\AppData\Roaming\.minecraft\versions\Teste\mods}
[12:42:14] [main/INFO]: Found mod file mob_grinding_utils-1.20.1-1.1.0.jar of type MOD with provider {mods folder locator at C:\Users\alexe\AppData\Roaming\.minecraft\versions\Teste\mods}
[12:42:14] [main/INFO]: Found mod file MysticalAgradditions-1.20.1-7.0.12.jar of type MOD with provider {mods folder locator at C:\Users\alexe\AppData\Roaming\.minecraft\versions\Teste\mods}
[12:42:14] [main/INFO]: Found mod file MysticalAgriculture-1.20.1-7.0.24.jar of type MOD with provider {mods folder locator at C:\Users\alexe\AppData\Roaming\.minecraft\versions\Teste\mods}
[12:42:14] [main/INFO]: Found mod file Patchouli-1.20.1-85-FORGE.jar of type MOD with provider {mods folder locator at C:\Users\alexe\AppData\Roaming\.minecraft\versions\Teste\mods}
[12:42:14] [main/INFO]: Found mod file ProjectE-1.20.1-PE1.0.1.jar of type MOD with provider {mods folder locator at C:\Users\alexe\AppData\Roaming\.minecraft\versions\Teste\mods}
[12:42:14] [main/INFO]: Found mod file refinedstorage-1.12.4.jar of type MOD with provider {mods folder locator at C:\Users\alexe\AppData\Roaming\.minecraft\versions\Teste\mods}
[12:42:14] [main/INFO]: Found mod file sophisticatedbackpacks-1.20.1-3.24.65.2073.jar of type MOD with provider {mods folder locator at C:\Users\alexe\AppData\Roaming\.minecraft\versions\Teste\mods}
[12:42:14] [main/INFO]: Found mod file sophisticatedcore-1.20.1-1.3.79.2250.jar of type MOD with provider {mods folder locator at C:\Users\alexe\AppData\Roaming\.minecraft\versions\Teste\mods}
[12:42:14] [main/INFO]: Found mod file TConstruct-1.20.1-3.11.2.166.jar of type MOD with provider {mods folder locator at C:\Users\alexe\AppData\Roaming\.minecraft\versions\Teste\mods}
[12:42:14] [main/INFO]: Found mod file tl_skin_cape_forge_1.20_1.20.1-1.32.jar of type MOD with provider {mods folder locator at C:\Users\alexe\AppData\Roaming\.minecraft\versions\Teste\mods}
[12:42:14] [main/INFO]: Found mod file twilightforest-1.20.1-4.3.2508-universal.jar of type MOD with provider {mods folder locator at C:\Users\alexe\AppData\Roaming\.minecraft\versions\Teste\mods}
[12:42:14] [main/INFO]: Found mod file universecraft-1.0.0-forge-1.20.1.jar of type MOD with provider {mods folder locator at C:\Users\alexe\AppData\Roaming\.minecraft\versions\Teste\mods}
[12:42:14] [main/INFO]: Found mod file xaerominimap-forge-1.20.1-26.4.2.jar of type MOD with provider {mods folder locator at C:\Users\alexe\AppData\Roaming\.minecraft\versions\Teste\mods}
[12:42:14] [main/INFO]: Found mod file xaeroworldmap-forge-1.20.1-1.44.2.jar of type MOD with provider {mods folder locator at C:\Users\alexe\AppData\Roaming\.minecraft\versions\Teste\mods}
[12:42:15] [main/WARN]: Mod file C:\Users\alexe\AppData\Roaming\.minecraft\libraries\net\minecraftforge\fmlcore\1.20.1-47.4.10\fmlcore-1.20.1-47.4.10.jar is missing mods.toml file
[12:42:15] [main/WARN]: Mod file C:\Users\alexe\AppData\Roaming\.minecraft\libraries\net\minecraftforge\javafmllanguage\1.20.1-47.4.10\javafmllanguage-1.20.1-47.4.10.jar is missing mods.toml file
[12:42:15] [main/WARN]: Mod file C:\Users\alexe\AppData\Roaming\.minecraft\libraries\net\minecraftforge\lowcodelanguage\1.20.1-47.4.10\lowcodelanguage-1.20.1-47.4.10.jar is missing mods.toml file
[12:42:15] [main/WARN]: Mod file C:\Users\alexe\AppData\Roaming\.minecraft\libraries\net\minecraftforge\mclanguage\1.20.1-47.4.10\mclanguage-1.20.1-47.4.10.jar is missing mods.toml file
[12:42:15] [main/INFO]: Found mod file fmlcore-1.20.1-47.4.10.jar of type LIBRARY with provider net.minecraftforge.fml.loading.moddiscovery.MinecraftLocator@7ec58feb
[12:42:15] [main/INFO]: Found mod file javafmllanguage-1.20.1-47.4.10.jar of type LANGPROVIDER with provider net.minecraftforge.fml.loading.moddiscovery.MinecraftLocator@7ec58feb
[12:42:15] [main/INFO]: Found mod file lowcodelanguage-1.20.1-47.4.10.jar of type LANGPROVIDER with provider net.minecraftforge.fml.loading.moddiscovery.MinecraftLocator@7ec58feb
[12:42:15] [main/INFO]: Found mod file mclanguage-1.20.1-47.4.10.jar of type LANGPROVIDER with provider net.minecraftforge.fml.loading.moddiscovery.MinecraftLocator@7ec58feb
[12:42:15] [main/INFO]: Found mod file client-1.20.1-20230612.114412-srg.jar of type MOD with provider net.minecraftforge.fml.loading.moddiscovery.MinecraftLocator@7ec58feb
[12:42:15] [main/INFO]: Found mod file forge-1.20.1-47.4.10-universal.jar of type MOD with provider net.minecraftforge.fml.loading.moddiscovery.MinecraftLocator@7ec58feb
[12:42:16] [main/WARN]: Attempted to select two dependency jars from JarJar which have the same identification: Mod File:  and Mod File: . Using Mod File: 
[12:42:16] [main/WARN]: Attempted to select a dependency jar for JarJar which was passed in as source: curios. Using Mod File: C:\Users\alexe\AppData\Roaming\.minecraft\versions\Teste\mods\curios-forge-5.14.1+1.20.1.jar
[12:42:16] [main/INFO]: Found 16 dependencies adding them to mods collection
[12:42:16] [main/INFO]: Found mod file fabric-data-attachment-api-v1-1.0.0+30ef839e77.jar of type MOD with provider net.minecraftforge.fml.loading.moddiscovery.JarInJarDependencyLocator@7eb6b6b6
[12:42:16] [main/INFO]: Found mod file mixinextras-forge-0.2.0-beta.9.jar of type GAMELIBRARY with provider net.minecraftforge.fml.loading.moddiscovery.JarInJarDependencyLocator@7eb6b6b6
[12:42:16] [main/INFO]: Found mod file fabric-api-base-0.4.31+ef105b4977.jar of type MOD with provider net.minecraftforge.fml.loading.moddiscovery.JarInJarDependencyLocator@7eb6b6b6
[12:42:16] [main/INFO]: Found mod file fabric-entity-events-v1-1.6.0+6274ab9d77.jar of type MOD with provider net.minecraftforge.fml.loading.moddiscovery.JarInJarDependencyLocator@7eb6b6b6
[12:42:16] [main/INFO]: Found mod file cumulus_menus-1.20.1-1.0.1-neoforge.jar of type MOD with provider net.minecraftforge.fml.loading.moddiscovery.JarInJarDependencyLocator@7eb6b6b6
[12:42:16] [main/INFO]: Found mod file Ponder-Forge-1.20.1-1.0.91.jar of type MOD with provider net.minecraftforge.fml.loading.moddiscovery.JarInJarDependencyLocator@7eb6b6b6
[12:42:16] [main/INFO]: Found mod file Registrate-MC1.20-1.3.3.jar of type GAMELIBRARY with provider net.minecraftforge.fml.loading.moddiscovery.JarInJarDependencyLocator@7eb6b6b6
[12:42:16] [main/INFO]: Found mod file fabric-object-builder-api-v1-11.1.3+2174fc8477.jar of type MOD with provider net.minecraftforge.fml.loading.moddiscovery.JarInJarDependencyLocator@7eb6b6b6
[12:42:16] [main/INFO]: Found mod file gson-0.1.5.jar of type GAMELIBRARY with provider net.minecraftforge.fml.loading.moddiscovery.JarInJarDependencyLocator@7eb6b6b6
[12:42:16] [main/INFO]: Found mod file netty-0.1.4.jar of type GAMELIBRARY with provider net.minecraftforge.fml.loading.moddiscovery.JarInJarDependencyLocator@7eb6b6b6
[12:42:16] [main/INFO]: Found mod file xaerolib-forge-1.20.1-1.7.1.jar of type MOD with provider net.minecraftforge.fml.loading.moddiscovery.JarInJarDependencyLocator@7eb6b6b6
[12:42:16] [main/INFO]: Found mod file nitrogen_internals-1.20.1-1.0.12-neoforge.jar of type MOD with provider net.minecraftforge.fml.loading.moddiscovery.JarInJarDependencyLocator@7eb6b6b6
[12:42:16] [main/INFO]: Found mod file mclib-20.jar of type GAMELIBRARY with provider net.minecraftforge.fml.loading.moddiscovery.JarInJarDependencyLocator@7eb6b6b6
[12:42:16] [main/INFO]: Found mod file endec-0.1.8.jar of type GAMELIBRARY with provider net.minecraftforge.fml.loading.moddiscovery.JarInJarDependencyLocator@7eb6b6b6
[12:42:16] [main/INFO]: Found mod file flywheel-forge-1.20.1-1.0.5.jar of type MOD with provider net.minecraftforge.fml.loading.moddiscovery.JarInJarDependencyLocator@7eb6b6b6
[12:42:16] [main/INFO]: Found mod file MixinExtras-0.4.1.jar of type GAMELIBRARY with provider net.minecraftforge.fml.loading.moddiscovery.JarInJarDependencyLocator@7eb6b6b6
[12:42:17] [main/INFO]: OptiFineTransformationService.transformers
[12:42:17] [main/INFO]: Targets: 412
[12:42:20] [main/INFO]: additionalClassesLocator: [optifine., net.optifine.]
[12:42:24] [main/INFO]: Compatibility level set to JAVA_17
[12:42:24] [main/ERROR]: Mixin config fabric-data-attachment-api-v1.mixins.json does not specify "minVersion" property
[12:42:24] [main/ERROR]: Mixin config fabric-data-attachment-api-v1.client.mixins.json does not specify "minVersion" property
[12:42:24] [main/INFO]: Successfully loaded Mixin Connector [org.tlauncher.MixinConnector]
[12:42:24] [main/INFO]: Launching target 'forgeclient' with arguments [--version, Teste, --gameDir, C:\Users\alexe\AppData\Roaming\.minecraft\versions\Teste, --assetsDir, C:\Users\alexe\AppData\Roaming\.minecraft\assets, --uuid, 95fadc64-a854-11ef-9c52-9c6b00470e68, --username, alexsteam08, --assetIndex, 5, --accessToken, ????????, --clientId, null, --xuid, null, --userType, mojang, --versionType, modified, --width, 925, --height, 530]
[12:42:25] [main/WARN]: Reference map 'nitrogen_internals.refmap.json' for nitrogen_internals.mixins.json could not be read. If this is a development environment you can ignore this message
[12:42:28] [main/WARN]: Error loading class: com/simibubi/create/foundation/ponder/PonderWorld (java.lang.ClassNotFoundException: com.simibubi.create.foundation.ponder.PonderWorld)
[12:42:30] [main/ERROR]: accessories-common.mixins.json:ContainerMixin: Interface mixin contains a non-public method! Found extendHasAnyMatching(Ljava/util/function/Predicate;Lorg/spongepowered/asm/mixin/injection/callback/CallbackInfoReturnable;)V in accessories-common.mixins.json:ContainerMixin
org.spongepowered.asm.mixin.transformer.throwables.InvalidInterfaceMixinException: Interface mixin contains a non-public method! Found extendHasAnyMatching(Ljava/util/function/Predicate;Lorg/spongepowered/asm/mixin/injection/callback/CallbackInfoReturnable;)V in accessories-common.mixins.json:ContainerMixin
	at org.spongepowered.asm.mixin.transformer.MixinPreProcessorInterface.prepareMethod(MixinPreProcessorInterface.java:65) ~[mixin-0.8.5.jar:0.8.5+Jenkins-b310.git-155314e6e91465dad727e621a569906a410cd6f4]
	at org.spongepowered.asm.mixin.transformer.MixinPreProcessorStandard.prepare(MixinPreProcessorStandard.java:187) ~[mixin-0.8.5.jar:0.8.5+Jenkins-b310.git-155314e6e91465dad727e621a569906a410cd6f4]
	at org.spongepowered.asm.mixin.transformer.MixinInfo$State.validate(MixinInfo.java:322) ~[mixin-0.8.5.jar:0.8.5+Jenkins-b310.git-155314e6e91465dad727e621a569906a410cd6f4]
	at org.spongepowered.asm.mixin.transformer.MixinInfo.validate(MixinInfo.java:913) ~[mixin-0.8.5.jar:0.8.5+Jenkins-b310.git-155314e6e91465dad727e621a569906a410cd6f4]
	at org.spongepowered.asm.mixin.transformer.MixinConfig.postInitialise(MixinConfig.java:801) ~[mixin-0.8.5.jar:0.8.5+Jenkins-b310.git-155314e6e91465dad727e621a569906a410cd6f4]
	at org.spongepowered.asm.mixin.transformer.MixinProcessor.prepareConfigs(MixinProcessor.java:567) ~[mixin-0.8.5.jar:0.8.5+Jenkins-b310.git-155314e6e91465dad727e621a569906a410cd6f4]
	at org.spongepowered.asm.mixin.transformer.MixinProcessor.select(MixinProcessor.java:462) ~[mixin-0.8.5.jar:0.8.5+Jenkins-b310.git-155314e6e91465dad727e621a569906a410cd6f4]
	at org.spongepowered.asm.mixin.transformer.MixinProcessor.checkSelect(MixinProcessor.java:438) ~[mixin-0.8.5.jar:0.8.5+Jenkins-b310.git-155314e6e91465dad727e621a569906a410cd6f4]
	at org.spongepowered.asm.mixin.transformer.MixinProcessor.applyMixins(MixinProcessor.java:290) ~[mixin-0.8.5.jar:0.8.5+Jenkins-b310.git-155314e6e91465dad727e621a569906a410cd6f4]
	at org.spongepowered.asm.mixin.transformer.MixinTransformer.transformClass(MixinTransformer.java:250) ~[mixin-0.8.5.jar:0.8.5+Jenkins-b310.git-155314e6e91465dad727e621a569906a410cd6f4]
	at org.spongepowered.asm.service.modlauncher.MixinTransformationHandler.processClass(MixinTransformationHandler.java:131) ~[mixin-0.8.5.jar:0.8.5+Jenkins-b310.git-155314e6e91465dad727e621a569906a410cd6f4]
	at org.spongepowered.asm.launch.MixinLaunchPluginLegacy.processClass(MixinLaunchPluginLegacy.java:131) ~[mixin-0.8.5.jar:0.8.5+Jenkins-b310.git-155314e6e91465dad727e621a569906a410cd6f4]
	at cpw.mods.modlauncher.serviceapi.ILaunchPluginService.processClassWithFlags(ILaunchPluginService.java:156) ~[modlauncher-10.0.9.jar:10.0.9+10.0.9+main.dcd20f30]
	at cpw.mods.modlauncher.LaunchPluginHandler.offerClassNodeToPlugins(LaunchPluginHandler.java:88) ~[modlauncher-10.0.9.jar:?]
	at cpw.mods.modlauncher.ClassTransformer.transform(ClassTransformer.java:120) ~[modlauncher-10.0.9.jar:?]
	at cpw.mods.modlauncher.TransformingClassLoader.maybeTransformClassBytes(TransformingClassLoader.java:50) ~[modlauncher-10.0.9.jar:?]
	at cpw.mods.cl.ModuleClassLoader.readerToClass(ModuleClassLoader.java:113) ~[securejarhandler-2.1.10.jar:?]
	at cpw.mods.cl.ModuleClassLoader.lambda$findClass$15(ModuleClassLoader.java:219) ~[securejarhandler-2.1.10.jar:?]
	at cpw.mods.cl.ModuleClassLoader.loadFromModule(ModuleClassLoader.java:229) ~[securejarhandler-2.1.10.jar:?]
	at cpw.mods.cl.ModuleClassLoader.findClass(ModuleClassLoader.java:219) ~[securejarhandler-2.1.10.jar:?]
	at java.lang.ClassLoader.loadClass(ClassLoader.java:637) ~[?:?]
	at java.lang.Class.forName(Class.java:545) ~[?:?]
	at net.minecraftforge.fml.earlydisplay.DisplayWindow.lambda$updateModuleReads$13(DisplayWindow.java:615) ~[fmlearlydisplay-1.20.1-47.4.10.jar:1.0]
	at java.util.Optional.map(Optional.java:260) ~[?:?]
	at net.minecraftforge.fml.earlydisplay.DisplayWindow.updateModuleReads(DisplayWindow.java:615) ~[fmlearlydisplay-1.20.1-47.4.10.jar:1.0]
	at net.minecraftforge.fml.loading.ImmediateWindowHandler.acceptGameLayer(ImmediateWindowHandler.java:71) ~[fmlloader-1.20.1-47.4.10.jar:1.0]
	at net.minecraftforge.fml.loading.FMLLoader.beforeStart(FMLLoader.java:216) ~[fmlloader-1.20.1-47.4.10.jar:1.0]
	at net.minecraftforge.fml.loading.targets.CommonLaunchHandler.launchService(CommonLaunchHandler.java:92) ~[fmlloader-1.20.1-47.4.10.jar:?]
	at cpw.mods.modlauncher.LaunchServiceHandlerDecorator.launch(LaunchServiceHandlerDecorator.java:30) ~[modlauncher-10.0.9.jar:?]
	at cpw.mods.modlauncher.LaunchServiceHandler.launch(LaunchServiceHandler.java:53) ~[modlauncher-10.0.9.jar:?]
	at cpw.mods.modlauncher.LaunchServiceHandler.launch(LaunchServiceHandler.java:71) ~[modlauncher-10.0.9.jar:?]
	at cpw.mods.modlauncher.Launcher.run(Launcher.java:108) ~[modlauncher-10.0.9.jar:?]
	at cpw.mods.modlauncher.Launcher.main(Launcher.java:78) ~[modlauncher-10.0.9.jar:?]
	at cpw.mods.modlauncher.BootstrapLaunchConsumer.accept(BootstrapLaunchConsumer.java:26) ~[modlauncher-10.0.9.jar:?]
	at cpw.mods.modlauncher.BootstrapLaunchConsumer.accept(BootstrapLaunchConsumer.java:23) ~[modlauncher-10.0.9.jar:?]
	at cpw.mods.bootstraplauncher.BootstrapLauncher.main(BootstrapLauncher.java:141) ~[bootstraplauncher-1.1.2.jar:?]
[12:42:30] [main/INFO]: Initializing MixinExtras via com.llamalad7.mixinextras.service.MixinExtrasServiceImpl(version=0.4.1).
[12:42:35] [main/WARN]: @Inject(@At("INVOKE")) Shift.BY=2 on accessories-common.mixins.json:NbtCompoundMixin::handler$zki000$adjustCheckForListVariants exceeds the maximum allowed value: 0. Increase the value of maxShiftBy to suppress this warning.
[12:42:47] [Datafixer Bootstrap/INFO]: 188 Datafixer optimizations took 3652 milliseconds
[12:42:47] [pool-4-thread-1/WARN]: Unable to find class com.simibubi.create.foundation.ponder.PonderWorld. Integration with PonderJS disabled.
[12:42:48] [Render thread/WARN]: Assets URL 'union:/C:/Users/alexe/AppData/Roaming/.minecraft/libraries/net/minecraft/client/1.20.1-20230612.114412/client-1.20.1-20230612.114412-srg.jar%23242!/assets/.mcassetsroot' uses unexpected schema
[12:42:48] [Render thread/WARN]: Assets URL 'union:/C:/Users/alexe/AppData/Roaming/.minecraft/libraries/net/minecraft/client/1.20.1-20230612.114412/client-1.20.1-20230612.114412-srg.jar%23242!/data/.mcassetsroot' uses unexpected schema
[12:42:48] [Render thread/INFO]: Environment: authHost='https://authserver.mojang.com', accountsHost='https://api.mojang.com', sessionHost='https://sessionserver.mojang.com', servicesHost='https://api.minecraftservices.com', name='PROD'
[12:42:49] [Render thread/ERROR]: Failed to verify authentication
com.mojang.authlib.exceptions.InvalidCredentialsException: Status: 401
	at com.mojang.authlib.exceptions.MinecraftClientHttpException.toAuthenticationException(MinecraftClientHttpException.java:56) ~[authlib-4.0.43.1.jar%23111!/:?]
	at com.mojang.authlib.yggdrasil.YggdrasilUserApiService.fetchProperties(YggdrasilUserApiService.java:147) ~[authlib-4.0.43.1.jar%23111!/:?]
	at com.mojang.authlib.yggdrasil.YggdrasilUserApiService.<init>(YggdrasilUserApiService.java:63) ~[authlib-4.0.43.1.jar%23111!/:?]
	at com.mojang.authlib.yggdrasil.YggdrasilAuthenticationService.createUserApiService(YggdrasilAuthenticationService.java:124) ~[authlib-4.0.43.1.jar%23111!/:?]
	at net.minecraft.client.Minecraft.m_193585_(Minecraft.java:649) ~[client-1.20.1-20230612.114412-srg.jar%23242!/:?]
	at net.minecraft.client.Minecraft.<init>(Minecraft.java:413) ~[client-1.20.1-20230612.114412-srg.jar%23242!/:?]
	at net.minecraft.client.main.Main.main(Main.java:182) ~[Teste.jar:?]
	at jdk.internal.reflect.NativeMethodAccessorImpl.invoke0(Native Method) ~[?:?]
	at jdk.internal.reflect.NativeMethodAccessorImpl.invoke(NativeMethodAccessorImpl.java:77) ~[?:?]
	at jdk.internal.reflect.DelegatingMethodAccessorImpl.invoke(DelegatingMethodAccessorImpl.java:43) ~[?:?]
	at java.lang.reflect.Method.invoke(Method.java:569) ~[?:?]
	at net.minecraftforge.fml.loading.targets.CommonLaunchHandler.runTarget(CommonLaunchHandler.java:111) ~[fmlloader-1.20.1-47.4.10.jar:?]
	at net.minecraftforge.fml.loading.targets.CommonLaunchHandler.clientService(CommonLaunchHandler.java:99) ~[fmlloader-1.20.1-47.4.10.jar:?]
	at net.minecraftforge.fml.loading.targets.CommonClientLaunchHandler.lambda$makeService$0(CommonClientLaunchHandler.java:25) ~[fmlloader-1.20.1-47.4.10.jar:?]
	at cpw.mods.modlauncher.LaunchServiceHandlerDecorator.launch(LaunchServiceHandlerDecorator.java:30) ~[modlauncher-10.0.9.jar:?]
	at cpw.mods.modlauncher.LaunchServiceHandler.launch(LaunchServiceHandler.java:53) ~[modlauncher-10.0.9.jar:?]
	at cpw.mods.modlauncher.LaunchServiceHandler.launch(LaunchServiceHandler.java:71) ~[modlauncher-10.0.9.jar:?]
	at cpw.mods.modlauncher.Launcher.run(Launcher.java:108) ~[modlauncher-10.0.9.jar:?]
	at cpw.mods.modlauncher.Launcher.main(Launcher.java:78) ~[modlauncher-10.0.9.jar:?]
	at cpw.mods.modlauncher.BootstrapLaunchConsumer.accept(BootstrapLaunchConsumer.java:26) ~[modlauncher-10.0.9.jar:?]
	at cpw.mods.modlauncher.BootstrapLaunchConsumer.accept(BootstrapLaunchConsumer.java:23) ~[modlauncher-10.0.9.jar:?]
	at cpw.mods.bootstraplauncher.BootstrapLauncher.main(BootstrapLauncher.java:141) ~[bootstraplauncher-1.1.2.jar:?]
Caused by: com.mojang.authlib.exceptions.MinecraftClientHttpException: Status: 401
	at com.mojang.authlib.minecraft.client.MinecraftClient.readInputStream(MinecraftClient.java:85) ~[authlib-4.0.43.1.jar%23111!/:?]
	at com.mojang.authlib.minecraft.client.MinecraftClient.get(MinecraftClient.java:48) ~[authlib-4.0.43.1.jar%23111!/:?]
	at com.mojang.authlib.yggdrasil.YggdrasilUserApiService.fetchProperties(YggdrasilUserApiService.java:122) ~[authlib-4.0.43.1.jar%23111!/:?]
	... 20 more
[12:42:49] [Render thread/INFO]: Setting user: alexsteam08
[12:42:49] [Render thread/INFO]: [OptiFine] (Reflector) Class not present: net.minecraft.launchwrapper.Launch
[12:42:49] [Render thread/INFO]: [OptiFine] Forge version: 47.4.10
[12:42:49] [Render thread/INFO]: [OptiFine] Forge version above 47.0.3, antialiasing disabled
[12:42:49] [Render thread/INFO]: Backend library: LWJGL version 3.3.1 build 7
[12:42:49] [Render thread/WARN]: [OptiFine] (Reflector) java.lang.ClassNotFoundException: sun.misc.SharedSecrets
[12:42:49] [Render thread/WARN]: [OptiFine] (Reflector) java.lang.ClassNotFoundException: jdk.internal.misc.SharedSecrets
[12:42:49] [Render thread/WARN]: [OptiFine] (Reflector) java.lang.ClassNotFoundException: sun.misc.VM
[12:42:49] [Render thread/WARN]: [OptiFine] (Reflector) java.lang.reflect.InaccessibleObjectException: Unable to make public static long jdk.internal.misc.VM.maxDirectMemory() accessible: module java.base does not "exports jdk.internal.misc" to module net.optifine
[12:42:50] [Render thread/INFO]: [OptiFine] 
[12:42:50] [Render thread/INFO]: [OptiFine] OptiFine_1.20.1_HD_U_I6_pre6
[12:42:50] [Render thread/INFO]: [OptiFine] Build: 20230727-130058
[12:42:50] [Render thread/INFO]: [OptiFine] OS: Windows 10 (amd64) version 10.0
[12:42:50] [Render thread/INFO]: [OptiFine] Java: 17.0.15, Microsoft
[12:42:50] [Render thread/INFO]: [OptiFine] VM: OpenJDK 64-Bit Server VM (mixed mode), Microsoft
[12:42:50] [Render thread/INFO]: [OptiFine] LWJGL: 3.4.0 Win32 WGL Null EGL OSMesa VisualC DLL
[12:42:50] [Render thread/INFO]: [OptiFine] OpenGL: Intel(R) UHD Graphics, version 4.6.0 - Build 31.0.101.2141, Intel
[12:42:50] [Render thread/INFO]: [OptiFine] OpenGL Version: 4.6.0
[12:42:50] [Render thread/INFO]: [OptiFine] Maximum texture size: 16384x16384
[12:42:50] [VersionCheck/INFO]: [OptiFine] Checking for new version
[12:42:50] [Render thread/INFO]: [Shaders] OpenGL Version: 4.6.0 - Build 31.0.101.2141
[12:42:50] [Render thread/INFO]: [Shaders] Vendor:  Intel
[12:42:50] [Render thread/INFO]: [Shaders] Renderer: Intel(R) UHD Graphics
[12:42:50] [Render thread/INFO]: [Shaders] Capabilities:  2.0  2.1  3.0  3.2  4.0 
[12:42:50] [Render thread/INFO]: [Shaders] GL_MAX_DRAW_BUFFERS: 8
[12:42:50] [Render thread/INFO]: [Shaders] GL_MAX_COLOR_ATTACHMENTS: 8
[12:42:50] [Render thread/INFO]: [Shaders] GL_MAX_TEXTURE_IMAGE_UNITS: 32
[12:42:50] [Render thread/INFO]: [Shaders] Load shaders configuration.
[12:42:50] [Render thread/INFO]: [Shaders] No shaderpack loaded.
[12:42:50] [Render thread/INFO]: [OptiFine] [Shaders] Delayed loading of item mappings after resources are loaded
[12:42:50] [Render thread/INFO]: [OptiFine] [Shaders] Delayed loading of entity mappings after resources are loaded
[12:42:50] [VersionCheck/INFO]: [OptiFine] Version found: I6
[12:42:50] [modloading-worker-0/INFO]: Registering common data for channel xaerolib:main!
[12:42:50] [modloading-worker-0/INFO]: Registering client data for channel xaerolib:main!
[12:42:50] [modloading-worker-0/INFO]: Loading primary common config for channel xaerolib:main!
[12:42:50] [modloading-worker-0/INFO]: Loading server config profiles for channel xaerolib:main!
[12:42:50] [modloading-worker-0/INFO]: Loading primary client config for channel xaerolib:main!
[12:42:50] [modloading-worker-0/INFO]: Loading client config profiles for channel xaerolib:main!
[12:42:51] [modloading-worker-0/INFO]: Sending ConfigManager...
[12:42:51] [modloading-worker-0/INFO]: Registering common data for channel xaeroworldmap:main!
[12:42:51] [modloading-worker-0/INFO]: Registering client data for channel xaeroworldmap:main!
[12:42:51] [modloading-worker-0/INFO]: Loading primary common config for channel xaeroworldmap:main!
[12:42:51] [modloading-worker-0/INFO]: Loading server config profiles for channel xaeroworldmap:main!
[12:42:51] [modloading-worker-0/INFO]: Loading primary client config for channel xaeroworldmap:main!
[12:42:51] [modloading-worker-0/INFO]: Loading client config profiles for channel xaeroworldmap:main!
[12:42:51] [modloading-worker-0/INFO]: Forge mod loading, version 47.4.10, for MC 1.20.1 with MCP 20230612.114412
[12:42:51] [modloading-worker-0/INFO]: MinecraftForge v47.4.10 Initialized
[12:42:51] [modloading-worker-0/INFO]: Sending ConfigManager took 673.0 milliseconds
[12:42:52] [modloading-worker-0/INFO]: Registered plugin: com.blakebr0.mysticalagriculture.lib.ModCorePlugin
[12:42:52] [modloading-worker-0/INFO]: Registered plugin: com.blakebr0.mysticalagradditions.lib.ModCorePlugin
[12:42:52] [modloading-worker-0/INFO]: Found 0 RS API injection points
[12:42:53] [modloading-worker-0/INFO]: Loaded 2 plugins
[12:42:55] [modloading-worker-0/INFO]: Create 6.0.8 initializing! Commit hash: 1a1a9a2819b4f89f78caec41b55ed8cb222fa24b
[12:42:55] [modloading-worker-0/INFO]: Xaero's Minimap: World Map found!
[12:42:55] [modloading-worker-0/INFO]: Optifine!
[12:42:55] [modloading-worker-0/INFO]: Xaero's Minimap: No Vivecraft!
[12:42:55] [modloading-worker-0/INFO]: Registering common data for channel xaerominimap:main!
[12:42:55] [modloading-worker-0/INFO]: Registering client data for channel xaerominimap:main!
[12:42:56] [modloading-worker-0/INFO]: Loading primary common config for channel xaerominimap:main!
[12:42:56] [modloading-worker-0/INFO]: Loading server config profiles for channel xaerominimap:main!
[12:42:56] [modloading-worker-0/INFO]: Loading primary client config for channel xaerominimap:main!
[12:42:56] [modloading-worker-0/INFO]: Loading client config profiles for channel xaerominimap:main!
[12:42:56] [modloading-worker-0/INFO]: Knock Knock...
[12:42:56] [modloading-worker-0/WARN]: Reactor detonation initiated.
[12:42:56] [modloading-worker-0/INFO]: Wait... NO! What?
[12:42:56] [modloading-worker-0/INFO]: Stop That! That's not how this works!
[12:42:56] [modloading-worker-0/WARN]: Calculating explosion ETA
[12:42:56] [modloading-worker-0/INFO]: Ahh... NO... NONONO! DONT DO THAT!!! STOP THIS NOW!
[12:42:56] [modloading-worker-0/WARN]: **Explosion Imminent!!!**
[12:42:56] [modloading-worker-0/INFO]: Well...... fork...
[12:42:59] [modloading-worker-0/INFO]: [DivineRPG] Registered events
[12:43:06] [Render thread/ERROR]: Injection error: LVT in net/minecraft/world/entity/npc/VillagerTrades$EmeraldsForVillagerTypeItem::m_213663_(Lnet/minecraft/world/entity/Entity;Lnet/minecraft/util/RandomSource;)Lnet/minecraft/world/item/trading/MerchantOffer; has incompatible changes at opcode 34 in callback fabric-object-builder-v1.mixins.json:TradeOffersTypeAwareBuyForOneEmeraldFactoryMixin->@Inject::failOnNullItem(Lnet/minecraft/world/entity/Entity;Lnet/minecraft/util/RandomSource;Lorg/spongepowered/asm/mixin/injection/callback/CallbackInfoReturnable;Lnet/minecraft/world/item/ItemStack;)V.
 Expected: [Lnet/minecraft/world/item/ItemStack;]
    Found: [Lnet/minecraft/world/item/Item;]
Available: [Lnet/minecraft/world/item/Item;, Lnet/minecraft/world/item/ItemStack;]
[12:43:13] [Render thread/INFO]: [DivineRPG] Attached entity attributes
[12:43:13] [Render thread/ERROR]: Couldn't load pack metadata
com.google.gson.JsonSyntaxException: Missing pack_format, expected to find a Int
	at net.minecraft.util.GsonHelper.m_13927_(GsonHelper.java:277) ~[client-1.20.1-20230612.114412-srg.jar%23242!/:?]
	at net.minecraft.server.packs.metadata.pack.PackMetadataSectionSerializer.m_6322_(PackMetadataSectionSerializer.java:15) ~[client-1.20.1-20230612.114412-srg.jar%23242!/:?]
	at net.minecraft.server.packs.metadata.pack.PackMetadataSectionSerializer.m_6322_(PackMetadataSectionSerializer.java:9) ~[client-1.20.1-20230612.114412-srg.jar%23242!/:?]
	at net.minecraft.server.packs.AbstractPackResources.m_10214_(AbstractPackResources.java:52) ~[client-1.20.1-20230612.114412-srg.jar%23242!/:?]
	at net.minecraft.server.packs.AbstractPackResources.m_5550_(AbstractPackResources.java:33) ~[client-1.20.1-20230612.114412-srg.jar%23242!/:?]
	at net.minecraft.server.packs.repository.Pack.m_246334_(Pack.java:60) ~[client-1.20.1-20230612.114412-srg.jar%23242!/:?]
	at net.minecraft.server.packs.repository.Pack.m_245429_(Pack.java:35) ~[client-1.20.1-20230612.114412-srg.jar%23242!/:?]
	at net.minecraft.server.packs.repository.FolderRepositorySource.m_244897_(FolderRepositorySource.java:51) ~[client-1.20.1-20230612.114412-srg.jar%23242!/:?]
	at net.minecraft.server.packs.repository.FolderRepositorySource.m_247293_(FolderRepositorySource.java:66) ~[client-1.20.1-20230612.114412-srg.jar%23242!/:?]
	at net.minecraft.server.packs.repository.FolderRepositorySource.m_7686_(FolderRepositorySource.java:47) ~[client-1.20.1-20230612.114412-srg.jar%23242!/:?]
	at net.minecraft.server.packs.repository.PackRepository.m_10526_(PackRepository.java:39) ~[client-1.20.1-20230612.114412-srg.jar%23242!/:?]
	at net.minecraft.server.packs.repository.PackRepository.m_10506_(PackRepository.java:31) ~[client-1.20.1-20230612.114412-srg.jar%23242!/:?]
	at net.minecraft.client.Minecraft.<init>(Minecraft.java:460) ~[client-1.20.1-20230612.114412-srg.jar%23242!/:?]
	at net.minecraft.client.main.Main.main(Main.java:182) ~[Teste.jar:?]
	at jdk.internal.reflect.NativeMethodAccessorImpl.invoke0(Native Method) ~[?:?]
	at jdk.internal.reflect.NativeMethodAccessorImpl.invoke(NativeMethodAccessorImpl.java:77) ~[?:?]
	at jdk.internal.reflect.DelegatingMethodAccessorImpl.invoke(DelegatingMethodAccessorImpl.java:43) ~[?:?]
	at java.lang.reflect.Method.invoke(Method.java:569) ~[?:?]
	at net.minecraftforge.fml.loading.targets.CommonLaunchHandler.runTarget(CommonLaunchHandler.java:111) ~[fmlloader-1.20.1-47.4.10.jar:?]
	at net.minecraftforge.fml.loading.targets.CommonLaunchHandler.clientService(CommonLaunchHandler.java:99) ~[fmlloader-1.20.1-47.4.10.jar:?]
	at net.minecraftforge.fml.loading.targets.CommonClientLaunchHandler.lambda$makeService$0(CommonClientLaunchHandler.java:25) ~[fmlloader-1.20.1-47.4.10.jar:?]
	at cpw.mods.modlauncher.LaunchServiceHandlerDecorator.launch(LaunchServiceHandlerDecorator.java:30) ~[modlauncher-10.0.9.jar:?]
	at cpw.mods.modlauncher.LaunchServiceHandler.launch(LaunchServiceHandler.java:53) ~[modlauncher-10.0.9.jar:?]
	at cpw.mods.modlauncher.LaunchServiceHandler.launch(LaunchServiceHandler.java:71) ~[modlauncher-10.0.9.jar:?]
	at cpw.mods.modlauncher.Launcher.run(Launcher.java:108) ~[modlauncher-10.0.9.jar:?]
	at cpw.mods.modlauncher.Launcher.main(Launcher.java:78) ~[modlauncher-10.0.9.jar:?]
	at cpw.mods.modlauncher.BootstrapLaunchConsumer.accept(BootstrapLaunchConsumer.java:26) ~[modlauncher-10.0.9.jar:?]
	at cpw.mods.modlauncher.BootstrapLaunchConsumer.accept(BootstrapLaunchConsumer.java:23) ~[modlauncher-10.0.9.jar:?]
	at cpw.mods.bootstraplauncher.BootstrapLauncher.main(BootstrapLauncher.java:141) ~[bootstraplauncher-1.1.2.jar:?]
[12:43:13] [Render thread/WARN]: Missing metadata in pack file/Rainbow%20XP%20bar%20and%20ping%201.21.9%2B.zip
[12:43:13] [Render thread/INFO]: registering block color handlers
[12:43:15] [Render thread/INFO]: [DivineRPG] Registered entity renders
[12:43:15] [Render thread/INFO]: Reloading ResourceManager: vanilla, mod_resources, file/FullBrightness.zip, file/VISIBLE%20ORES%20PLUS%20v1.15.0.zip
[12:43:15] [Render thread/WARN]: [OptiFine] Unknown resource pack type: net.minecraftforge.resource.DelegatingPackResources: mod_resources
[12:43:15] [Render thread/WARN]: [OptiFine] Unknown resource pack type: net.minecraftforge.resource.DelegatingPackResources: mod_resources
[12:43:15] [Render thread/WARN]: [OptiFine] Unknown resource pack type: net.minecraftforge.resource.DelegatingPackResources: mod_resources
[12:43:15] [Render thread/WARN]: [OptiFine] Unknown resource pack type: net.minecraftforge.resource.DelegatingPackResources: mod_resources
[12:43:15] [Render thread/INFO]: [OptiFine] *** Reloading textures ***
[12:43:15] [Render thread/INFO]: [OptiFine] Resource packs: mod_resources, file/FullBrightness.zip, file/VISIBLE%20ORES%20PLUS%20v1.15.0.zip
[12:43:15] [Render thread/WARN]: [OptiFine] Unknown resource pack type: net.minecraftforge.resource.DelegatingPackResources: mod_resources
[12:43:15] [Render thread/INFO]: [OptiFine] EmissiveTextures: Loading optifine/emissive.properties
[12:43:16] [Worker-Main-2/INFO]: Found unifont_all_no_pua-15.0.06.hex, loading
[12:43:16] [Render thread/INFO]: [OptiFine] *** Reflector Forge ***
[12:43:16] [Render thread/INFO]: [OptiFine] *** Reflector Vanilla ***
[12:43:16] [Render thread/ERROR]: OpenGL API ERROR: 1282 (Error has been generated. GL error GL_INVALID_OPERATION in (null): (ID: 173538523) Generic error)
java.lang.Exception: Stack trace
	at org.lwjgl.opengl.GL11C.glBindTexture(Native Method) ~[lwjgl-opengl-3.3.1.jar%23147!/:build 7]
	at net.minecraftforge.fml.earlydisplay.RenderElement.lambda$mojang$2(RenderElement.java:106) ~[fmlearlydisplay-1.20.1-47.4.10.jar%23105!/:1.0]
	at net.minecraftforge.fml.earlydisplay.RenderElement.render(RenderElement.java:65) ~[fmlearlydisplay-1.20.1-47.4.10.jar%23105!/:1.0]
	at net.minecraftforge.fml.earlydisplay.DisplayWindow.lambda$paintFramebuffer$3(DisplayWindow.java:261) ~[fmlearlydisplay-1.20.1-47.4.10.jar%23105!/:1.0]
	at java.util.ArrayList.removeIf(ArrayList.java:1672) ~[?:?]
	at java.util.ArrayList.removeIf(ArrayList.java:1660) ~[?:?]
	at net.minecraftforge.fml.earlydisplay.DisplayWindow.paintFramebuffer(DisplayWindow.java:261) ~[fmlearlydisplay-1.20.1-47.4.10.jar%23105!/:1.0]
	at net.minecraftforge.fml.earlydisplay.DisplayWindow.render(DisplayWindow.java:276) ~[fmlearlydisplay-1.20.1-47.4.10.jar%23105!/:1.0]
	at net.minecraftforge.client.loading.ForgeLoadingOverlay.m_88315_(ForgeLoadingOverlay.java:84) ~[forge-1.20.1-47.4.10-universal.jar%23247!/:?]
	at net.minecraft.client.renderer.GameRenderer.m_109093_(GameRenderer.java:1380) ~[client-1.20.1-20230612.114412-srg.jar%23242!/:?]
	at net.minecraft.client.Minecraft.m_91383_(Minecraft.java:1146) ~[client-1.20.1-20230612.114412-srg.jar%23242!/:?]
	at net.minecraft.client.Minecraft.m_91374_(Minecraft.java:718) ~[client-1.20.1-20230612.114412-srg.jar%23242!/:?]
	at net.minecraft.client.main.Main.main(Main.java:218) ~[Teste.jar:?]
	at jdk.internal.reflect.NativeMethodAccessorImpl.invoke0(Native Method) ~[?:?]
	at jdk.internal.reflect.NativeMethodAccessorImpl.invoke(NativeMethodAccessorImpl.java:77) ~[?:?]
	at jdk.internal.reflect.DelegatingMethodAccessorImpl.invoke(DelegatingMethodAccessorImpl.java:43) ~[?:?]
	at java.lang.reflect.Method.invoke(Method.java:569) ~[?:?]
	at net.minecraftforge.fml.loading.targets.CommonLaunchHandler.runTarget(CommonLaunchHandler.java:111) ~[fmlloader-1.20.1-47.4.10.jar:?]
	at net.minecraftforge.fml.loading.targets.CommonLaunchHandler.clientService(CommonLaunchHandler.java:99) ~[fmlloader-1.20.1-47.4.10.jar:?]
	at net.minecraftforge.fml.loading.targets.CommonClientLaunchHandler.lambda$makeService$0(CommonClientLaunchHandler.java:25) ~[fmlloader-1.20.1-47.4.10.jar:?]
	at cpw.mods.modlauncher.LaunchServiceHandlerDecorator.launch(LaunchServiceHandlerDecorator.java:30) ~[modlauncher-10.0.9.jar:?]
	at cpw.mods.modlauncher.LaunchServiceHandler.launch(LaunchServiceHandler.java:53) ~[modlauncher-10.0.9.jar:?]
	at cpw.mods.modlauncher.LaunchServiceHandler.launch(LaunchServiceHandler.java:71) ~[modlauncher-10.0.9.jar:?]
	at cpw.mods.modlauncher.Launcher.run(Launcher.java:108) ~[modlauncher-10.0.9.jar:?]
	at cpw.mods.modlauncher.Launcher.main(Launcher.java:78) ~[modlauncher-10.0.9.jar:?]
	at cpw.mods.modlauncher.BootstrapLaunchConsumer.accept(BootstrapLaunchConsumer.java:26) ~[modlauncher-10.0.9.jar:?]
	at cpw.mods.modlauncher.BootstrapLaunchConsumer.accept(BootstrapLaunchConsumer.java:23) ~[modlauncher-10.0.9.jar:?]
	at cpw.mods.bootstraplauncher.BootstrapLauncher.main(BootstrapLauncher.java:141) ~[bootstraplauncher-1.1.2.jar:?]
[12:43:17] [Worker-Main-2/INFO]: [OptiFine] Pre-stitch: minecraft:textures/atlas/signs.png
[12:43:17] [Worker-Main-2/INFO]: [OptiFine] Multitexture: false
[12:43:18] [Worker-Main-3/INFO]: [OptiFine] Pre-stitch: minecraft:textures/atlas/blocks.png
[12:43:18] [Worker-Main-3/INFO]: [OptiFine] Multitexture: false
[12:43:19] [Worker-Main-2/INFO]: [OptiFine] Sprite size: 64
[12:43:19] [Worker-Main-2/INFO]: [OptiFine] Mipmap levels: 6
[12:43:19] [Worker-Main-2/INFO]: [OptiFine] Scaled too small texture: minecraft:missingno, 16 -> 64
[12:43:20] [Worker-Main-3/INFO]: [OptiFine] Multipass connected textures: false
[12:43:20] [Worker-Main-3/INFO]: [OptiFine] Multipass connected textures: false
[12:43:21] [Worker-Main-3/WARN]: [OptiFine] Unknown resource pack type: net.minecraftforge.resource.DelegatingPackResources: mod_resources
[12:43:21] [Worker-Main-3/INFO]: [OptiFine] Multipass connected textures: false
[12:43:22] [Worker-Main-3/INFO]: [OptiFine] ConnectedTextures: optifine/ctm/default/00_glass_white/glass_pane_white.properties
[12:43:23] [Worker-Main-3/INFO]: [OptiFine] ConnectedTextures: optifine/ctm/default/00_glass_white/glass_white.properties
[12:43:24] [Worker-Main-2/INFO]: [OptiFine] Scaled too small texture: minecraft:optifine/ctm/default/empty, 16 -> 64
[12:43:24] [Worker-Main-2/INFO]: [OptiFine] Pre-stitch: minecraft:textures/atlas/shield_patterns.png
[12:43:24] [Worker-Main-2/INFO]: [OptiFine] Multitexture: false
[12:43:25] [Worker-Main-3/INFO]: [OptiFine] ConnectedTextures: optifine/ctm/default/01_glass_orange/glass_orange.properties
[12:43:26] [Worker-Main-3/INFO]: [OptiFine] ConnectedTextures: optifine/ctm/default/01_glass_orange/glass_pane_orange.properties
[12:43:26] [Worker-Main-2/INFO]: [OptiFine] Sprite size: 64
[12:43:26] [Worker-Main-2/INFO]: [OptiFine] Mipmap levels: 6
[12:43:26] [Worker-Main-2/INFO]: [OptiFine] Scaled too small texture: minecraft:missingno, 16 -> 64
[12:43:26] [Worker-Main-2/INFO]: [OptiFine] Scaled too small texture: minecraft:optifine/ctm/default/empty, 16 -> 64
[12:43:27] [Worker-Main-2/INFO]: [OptiFine] Pre-stitch: minecraft:textures/atlas/banner_patterns.png
[12:43:27] [Worker-Main-2/INFO]: [OptiFine] Multitexture: false
[12:43:27] [Worker-Main-3/INFO]: [OptiFine] ConnectedTextures: optifine/ctm/default/02_glass_magenta/glass_magenta.properties
[12:43:28] [Worker-Main-3/INFO]: [OptiFine] ConnectedTextures: optifine/ctm/default/02_glass_magenta/glass_pane_magenta.properties
[12:43:28] [Worker-Main-1/WARN]: [OptiFine] Error loading model: refinedstorage:models/item/cover.json
[12:43:28] [Worker-Main-1/WARN]: [OptiFine] java.io.FileNotFoundException: refinedstorage:models/item/cover.json
[12:43:28] [Worker-Main-1/WARN]: Unable to load model: 'refinedstorage:cover#inventory' referenced from: refinedstorage:cover#inventory
[12:43:28] [Worker-Main-1/WARN]: java.io.FileNotFoundException: refinedstorage:models/item/cover.json
[12:43:28] [Worker-Main-1/WARN]: [OptiFine] Error loading model: refinedstorage:models/item/hollow_cover.json
[12:43:28] [Worker-Main-1/WARN]: [OptiFine] java.io.FileNotFoundException: refinedstorage:models/item/hollow_cover.json
[12:43:28] [Worker-Main-1/WARN]: Unable to load model: 'refinedstorage:hollow_cover#inventory' referenced from: refinedstorage:hollow_cover#inventory
[12:43:28] [Worker-Main-1/WARN]: java.io.FileNotFoundException: refinedstorage:models/item/hollow_cover.json
[12:43:28] [Worker-Main-1/WARN]: [OptiFine] Error loading model: draconicevolution:models/block/structure_block.json
[12:43:28] [Worker-Main-1/WARN]: [OptiFine] java.io.FileNotFoundException: draconicevolution:models/block/structure_block.json
[12:43:28] [Worker-Main-1/WARN]: Unable to load model: 'draconicevolution:block/structure_block' referenced from: draconicevolution:structure_block#inventory
[12:43:28] [Worker-Main-1/WARN]: java.io.FileNotFoundException: draconicevolution:models/block/structure_block.json
[12:43:29] [Worker-Main-1/INFO]: 138 material render infos loaded
[12:43:29] [Worker-Main-2/INFO]: [OptiFine] Sprite size: 64
[12:43:29] [Worker-Main-2/INFO]: [OptiFine] Mipmap levels: 6
[12:43:29] [Worker-Main-2/INFO]: [OptiFine] Scaled too small texture: minecraft:missingno, 16 -> 64
[12:43:29] [Worker-Main-2/INFO]: [OptiFine] Scaled too small texture: minecraft:optifine/ctm/default/empty, 16 -> 64
[12:43:29] [Worker-Main-2/INFO]: [OptiFine] Pre-stitch: minecraft:textures/atlas/armor_trims.png
[12:43:29] [Worker-Main-2/INFO]: [OptiFine] Multitexture: false
[12:43:29] [Worker-Main-3/INFO]: [OptiFine] ConnectedTextures: optifine/ctm/default/03_glass_light_blue/glass_light_blue.properties
[12:43:30] [Worker-Main-3/INFO]: [OptiFine] ConnectedTextures: optifine/ctm/default/03_glass_light_blue/glass_pane_light_blue.properties
[12:43:31] [Worker-Main-3/INFO]: [OptiFine] ConnectedTextures: optifine/ctm/default/04_glass_yellow/glass_pane_yellow.properties
[12:43:32] [Worker-Main-3/INFO]: [OptiFine] ConnectedTextures: optifine/ctm/default/04_glass_yellow/glass_yellow.properties
[12:43:33] [Worker-Main-3/INFO]: [OptiFine] ConnectedTextures: optifine/ctm/default/05_glass_lime/glass_lime.properties
[12:43:34] [Worker-Main-3/INFO]: [OptiFine] ConnectedTextures: optifine/ctm/default/05_glass_lime/glass_pane_lime.properties
[12:43:34] [Worker-Main-3/INFO]: [OptiFine] ConnectedTextures: optifine/ctm/default/06_glass_pink/glass_pane_pink.properties
[12:43:35] [Worker-Main-3/INFO]: [OptiFine] ConnectedTextures: optifine/ctm/default/06_glass_pink/glass_pink.properties
[12:43:36] [Worker-Main-3/INFO]: [OptiFine] ConnectedTextures: optifine/ctm/default/07_glass_gray/glass_gray.properties
[12:43:36] [Worker-Main-3/INFO]: [OptiFine] ConnectedTextures: optifine/ctm/default/07_glass_gray/glass_pane_gray.properties
[12:43:37] [Worker-Main-3/INFO]: [OptiFine] ConnectedTextures: optifine/ctm/default/08_glass_light_gray/glass_light_gray.properties
[12:43:38] [Worker-Main-3/INFO]: [OptiFine] ConnectedTextures: optifine/ctm/default/08_glass_light_gray/glass_pane_light_gray.properties
[12:43:39] [Worker-Main-3/INFO]: [OptiFine] ConnectedTextures: optifine/ctm/default/09_glass_cyan/glass_cyan.properties
[12:43:39] [Worker-Main-3/INFO]: [OptiFine] ConnectedTextures: optifine/ctm/default/09_glass_cyan/glass_pane_cyan.properties
[12:43:40] [Worker-Main-3/INFO]: [OptiFine] ConnectedTextures: optifine/ctm/default/10_glass_purple/glass_pane_purple.properties
[12:43:41] [Worker-Main-3/INFO]: [OptiFine] ConnectedTextures: optifine/ctm/default/10_glass_purple/glass_purple.properties
[12:43:42] [Worker-Main-3/INFO]: [OptiFine] ConnectedTextures: optifine/ctm/default/11_glass_blue/glass_blue.properties
[12:43:42] [Worker-Main-3/INFO]: [OptiFine] ConnectedTextures: optifine/ctm/default/11_glass_blue/glass_pane_blue.properties
[12:43:43] [Worker-Main-3/INFO]: [OptiFine] ConnectedTextures: optifine/ctm/default/12_glass_brown/glass_brown.properties
[12:43:44] [Worker-Main-3/INFO]: [OptiFine] ConnectedTextures: optifine/ctm/default/12_glass_brown/glass_pane_brown.properties
[12:43:45] [Worker-Main-3/INFO]: [OptiFine] ConnectedTextures: optifine/ctm/default/13_glass_green/glass_green.properties
[12:43:45] [Worker-Main-3/INFO]: [OptiFine] ConnectedTextures: optifine/ctm/default/13_glass_green/glass_pane_green.properties
[12:43:46] [Worker-Main-3/INFO]: [OptiFine] ConnectedTextures: optifine/ctm/default/14_glass_red/glass_pane_red.properties
[12:43:47] [Worker-Main-3/INFO]: [OptiFine] ConnectedTextures: optifine/ctm/default/14_glass_red/glass_red.properties
[12:43:48] [Worker-Main-3/INFO]: [OptiFine] ConnectedTextures: optifine/ctm/default/15_glass_black/glass_black.properties
[12:43:48] [Worker-Main-3/INFO]: [OptiFine] ConnectedTextures: optifine/ctm/default/15_glass_black/glass_pane_black.properties
[12:43:49] [Worker-Main-3/INFO]: [OptiFine] ConnectedTextures: optifine/ctm/default/20_glass/glass.properties
[12:43:50] [Worker-Main-3/INFO]: [OptiFine] ConnectedTextures: optifine/ctm/default/20_glass/glass_pane.properties
[12:43:50] [Worker-Main-3/INFO]: [OptiFine] ConnectedTextures: optifine/ctm/default/21_tinted_glass/tinted_glass.properties
[12:43:51] [Worker-Main-3/INFO]: [OptiFine] ConnectedTextures: optifine/ctm/default/30_bookshelf/bookshelf.properties
[12:43:51] [Worker-Main-3/INFO]: [OptiFine] ConnectedTextures: optifine/ctm/default/40_sandstone/sandstone.properties
[12:43:51] [Worker-Main-3/INFO]: [OptiFine] ConnectedTextures: optifine/ctm/default/41_red_sandstone/red_sandstone.properties
[12:43:51] [Worker-Main-3/INFO]: [OptiFine] Multipass connected textures: false
[12:43:55] [Worker-Main-2/INFO]: [OptiFine] Mipmap levels: 4
[12:43:55] [Worker-Main-2/INFO]: [OptiFine] Pre-stitch: minecraft:textures/atlas/decorated_pot.png
[12:43:55] [Worker-Main-2/INFO]: [OptiFine] Multitexture: false
[12:43:56] [Worker-Main-2/INFO]: [OptiFine] Mipmap levels: 4
[12:43:56] [Worker-Main-2/INFO]: [OptiFine] Pre-stitch: minecraft:textures/atlas/chest.png
[12:43:56] [Worker-Main-2/INFO]: [OptiFine] Multitexture: false
[12:43:56] [Worker-Main-2/INFO]: [OptiFine] Sprite size: 64
[12:43:56] [Worker-Main-2/INFO]: [OptiFine] Mipmap levels: 6
[12:43:56] [Worker-Main-2/INFO]: [OptiFine] Scaled too small texture: minecraft:missingno, 16 -> 64
[12:43:56] [Worker-Main-2/INFO]: [OptiFine] Scaled too small texture: minecraft:optifine/ctm/default/empty, 16 -> 64
[12:43:56] [Worker-Main-2/INFO]: [OptiFine] Pre-stitch: minecraft:textures/atlas/beds.png
[12:43:56] [Worker-Main-2/INFO]: [OptiFine] Multitexture: false
[12:43:56] [Worker-Main-2/INFO]: [OptiFine] Sprite size: 64
[12:43:56] [Worker-Main-2/INFO]: [OptiFine] Mipmap levels: 6
[12:43:56] [Worker-Main-2/INFO]: [OptiFine] Scaled too small texture: minecraft:missingno, 16 -> 64
[12:43:56] [Worker-Main-2/INFO]: [OptiFine] Scaled too small texture: minecraft:optifine/ctm/default/empty, 16 -> 64
[12:43:56] [Worker-Main-2/INFO]: [OptiFine] Pre-stitch: minecraft:textures/atlas/shulker_boxes.png
[12:43:56] [Worker-Main-2/INFO]: [OptiFine] Multitexture: false
[12:43:57] [Worker-Main-2/INFO]: [OptiFine] Sprite size: 64
[12:43:57] [Worker-Main-2/INFO]: [OptiFine] Mipmap levels: 6
[12:43:57] [Worker-Main-2/INFO]: [OptiFine] Scaled too small texture: minecraft:missingno, 16 -> 64
[12:43:57] [Worker-Main-2/INFO]: [OptiFine] Scaled too small texture: minecraft:optifine/ctm/default/empty, 16 -> 64
[12:43:57] [Worker-Main-2/INFO]: [OptiFine] Pre-stitch: minecraft:textures/atlas/particles.png
[12:43:57] [Worker-Main-2/INFO]: [OptiFine] Multitexture: false
[12:44:01] [Worker-Main-2/INFO]: [OptiFine] Scaled non power of 2: minecraft:cherry_11, 3 -> 9
[12:44:01] [Worker-Main-2/INFO]: [OptiFine] Scaled non power of 2: minecraft:cherry_10, 3 -> 9
[12:44:01] [Worker-Main-2/INFO]: [OptiFine] Scaled non power of 2: minecraft:cherry_2, 3 -> 9
[12:44:01] [Worker-Main-2/INFO]: [OptiFine] Scaled non power of 2: minecraft:cherry_1, 3 -> 9
[12:44:01] [Worker-Main-2/INFO]: [OptiFine] Scaled non power of 2: minecraft:cherry_0, 3 -> 9
[12:44:01] [Worker-Main-2/INFO]: [OptiFine] Scaled non power of 2: twilightforest:fallen_leaf, 5 -> 10
[12:44:01] [Worker-Main-2/INFO]: [OptiFine] Scaled non power of 2: minecraft:cherry_6, 3 -> 9
[12:44:01] [Worker-Main-2/INFO]: [OptiFine] Scaled non power of 2: minecraft:cherry_5, 3 -> 9
[12:44:01] [Worker-Main-2/INFO]: [OptiFine] Scaled non power of 2: minecraft:cherry_4, 3 -> 9
[12:44:01] [Worker-Main-2/INFO]: [OptiFine] Scaled non power of 2: minecraft:cherry_3, 3 -> 9
[12:44:01] [Worker-Main-2/INFO]: [OptiFine] Scaled non power of 2: minecraft:cherry_9, 3 -> 9
[12:44:01] [Worker-Main-2/INFO]: [OptiFine] Scaled non power of 2: minecraft:cherry_8, 3 -> 9
[12:44:01] [Worker-Main-2/INFO]: [OptiFine] Scaled non power of 2: minecraft:cherry_7, 3 -> 9
[12:44:01] [Worker-Main-2/INFO]: [OptiFine] Pre-stitch: minecraft:textures/atlas/paintings.png
[12:44:01] [Worker-Main-2/INFO]: [OptiFine] Multitexture: false
[12:44:02] [Worker-Main-2/INFO]: [OptiFine] Pre-stitch: minecraft:textures/atlas/mob_effects.png
[12:44:02] [Worker-Main-2/INFO]: [OptiFine] Multitexture: false
[12:44:03] [Worker-Main-2/INFO]: [OptiFine] Pre-stitch: jei:textures/atlas/gui.png
[12:44:03] [Worker-Main-2/INFO]: [OptiFine] Multitexture: false
[12:44:04] [Worker-Main-2/INFO]: [OptiFine] Scaled non power of 2: jei:icons/recipe_transfer, 7 -> 14
[12:44:04] [Worker-Main-2/INFO]: [OptiFine] Scaled non power of 2: jei:brewing_stand_arrow, 7 -> 14
[12:44:06] [Worker-Main-2/INFO]: [OptiFine] Pre-stitch: guideme:textures/atlas/gui.png
[12:44:06] [Worker-Main-2/INFO]: [OptiFine] Multitexture: false
[12:44:06] [Worker-Main-2/INFO]: [OptiFine] Pre-stitch: twilightforest:textures/atlas/magic_paintings.png
[12:44:06] [Worker-Main-2/INFO]: [OptiFine] Multitexture: false
[12:44:07] [Worker-Main-2/INFO]: Loaded 4 essence vessel colors in 21 ms
[12:44:07] [Worker-Main-2/INFO]: [OptiFine] Pre-stitch: mekanism:textures/atlas/robit.png
[12:44:07] [Worker-Main-2/INFO]: [OptiFine] Multitexture: false
[12:44:08] [Worker-Main-2/INFO]: Loaded 72 fluid textures in 16.6551 ms
[12:44:08] [Worker-Main-2/INFO]: [OptiFine] Pre-stitch: codechickenlib:textures/atlas/gui.png
[12:44:08] [Worker-Main-2/INFO]: [OptiFine] Multitexture: false
[12:44:08] [Worker-Main-2/INFO]: [OptiFine] Pre-stitch: brandonscore:textures/atlas/gui.png
[12:44:08] [Worker-Main-2/INFO]: [OptiFine] Multitexture: false
[12:44:10] [Worker-Main-2/INFO]: [OptiFine] Pre-stitch: draconicevolution:textures/atlas/module.png
[12:44:10] [Worker-Main-2/INFO]: [OptiFine] Multitexture: false
[12:44:11] [Worker-Main-2/INFO]: [OptiFine] Pre-stitch: draconicevolution:textures/atlas/gui.png
[12:44:11] [Worker-Main-2/INFO]: [OptiFine] Multitexture: false
[12:44:12] [Worker-Main-2/INFO]: Loading XaeroLib common 1/2!
[12:44:12] [Worker-Main-2/INFO]: Found and loaded EMC mapper: CraftingMapper, with priority 0
[12:44:12] [Worker-Main-2/INFO]: Found and loaded EMC mapper: CustomConversionMapper, with priority 0
[12:44:12] [Worker-Main-2/INFO]: Found and loaded EMC mapper: WeatheredCopperMapper, with priority 0
[12:44:12] [Worker-Main-2/INFO]: Found and loaded EMC mapper: TippedArrowMapper, with priority 0
[12:44:12] [Worker-Main-2/INFO]: Found and loaded EMC mapper: RawOresBlacklistMapper, with priority 0
[12:44:12] [Worker-Main-2/INFO]: Found and loaded EMC mapper: OresBlacklistMapper, with priority 0
[12:44:12] [Worker-Main-2/INFO]: Found and loaded EMC mapper: CustomEMCMapper, with priority 0
[12:44:12] [Worker-Main-2/INFO]: Found and loaded EMC mapper: BrewingMapper, with priority 0
[12:44:12] [Worker-Main-2/INFO]: Found and loaded EMC mapper: APICustomEMCMapper, with priority 0
[12:44:12] [Worker-Main-2/INFO]: Found and loaded EMC mapper: DivineRPGMapper, with priority 0
[12:44:12] [Worker-Main-2/INFO]: Found and loaded RecipeType Mapper: VanillaRecipeTypes, with priority 0
[12:44:12] [Worker-Main-2/INFO]: Found and loaded RecipeType Mapper: Smithing, with priority 0
[12:44:12] [Worker-Main-2/INFO]: Found and loaded RecipeType Mapper: FallbackRecipeType, with priority -2147483648
[12:44:12] [Worker-Main-2/INFO]: Found and loaded RecipeType Mapper: MekSawmill, with priority 0
[12:44:12] [Worker-Main-2/INFO]: Found and loaded RecipeType Mapper: MekRotary, with priority 0
[12:44:12] [Worker-Main-2/INFO]: Found and loaded RecipeType Mapper: MekPressurizedReaction, with priority 0
[12:44:12] [Worker-Main-2/INFO]: Found and loaded RecipeType Mapper: MekPigmentMixer, with priority 0
[12:44:12] [Worker-Main-2/INFO]: Found and loaded RecipeType Mapper: MekPaintingMachine, with priority 0
[12:44:12] [Worker-Main-2/INFO]: Found and loaded RecipeType Mapper: MekMetallurgicInfuser, with priority 0
[12:44:12] [Worker-Main-2/INFO]: Found and loaded RecipeType Mapper: MekItemStackToPigment, with priority 0
[12:44:12] [Worker-Main-2/INFO]: Found and loaded RecipeType Mapper: MekItemStackToItemStack, with priority 0
[12:44:12] [Worker-Main-2/INFO]: Found and loaded RecipeType Mapper: MekItemStackToInfuseType, with priority 0
[12:44:12] [Worker-Main-2/INFO]: Found and loaded RecipeType Mapper: MekItemStackToGas, with priority 0
[12:44:12] [Worker-Main-2/INFO]: Found and loaded RecipeType Mapper: MekItemStackGasToItemStack, with priority 0
[12:44:12] [Worker-Main-2/INFO]: Found and loaded RecipeType Mapper: MekGasToGas, with priority 0
[12:44:12] [Worker-Main-2/INFO]: Found and loaded RecipeType Mapper: MekFluidToFluid, with priority 0
[12:44:12] [Worker-Main-2/INFO]: Found and loaded RecipeType Mapper: MekFluidSlurryToSlurry, with priority 0
[12:44:12] [Worker-Main-2/INFO]: Found and loaded RecipeType Mapper: MekElectrolysis, with priority 0
[12:44:12] [Worker-Main-2/INFO]: Found and loaded RecipeType Mapper: MekCombiner, with priority 0
[12:44:12] [Worker-Main-2/INFO]: Found and loaded RecipeType Mapper: MekChemicalInfuser, with priority 0
[12:44:12] [Worker-Main-2/INFO]: Found and loaded RecipeType Mapper: MekDissolution, with priority 0
[12:44:12] [Worker-Main-2/INFO]: Found and loaded RecipeType Mapper: MekChemicalCrystallizer, with priority 0
[12:44:12] [Worker-Main-2/INFO]: Found and loaded NBT Processor: StoredEMCProcessor, with priority 0
[12:44:12] [Worker-Main-2/INFO]: Found and loaded NBT Processor: EnchantmentProcessor, with priority 0
[12:44:12] [Worker-Main-2/INFO]: Found and loaded NBT Processor: DecoratedPotProcessor, with priority 0
[12:44:12] [Worker-Main-2/INFO]: Found and loaded NBT Processor: DamageProcessor, with priority 2147483647
[12:44:12] [Worker-Main-2/INFO]: Found and loaded NBT Processor: ArmorTrimProcessor, with priority 0
[12:44:12] [Worker-Main-2/INFO]: Found and loaded NBT Processor: MekanismContentsProcessor, with priority 0
[12:44:12] [Forge Version Check/INFO]: [cucumber] Starting version check at https://api.blakesmods.com/v2/mods/cucumber/1.20/updates
[12:44:12] [Worker-Main-2/INFO]: Loaded 142 crops
[12:44:12] [Worker-Main-2/INFO]: Loaded 7 crop tiers
[12:44:12] [Worker-Main-2/INFO]: Loaded 2 crop types
[12:44:12] [Worker-Main-2/INFO]: Loaded 55 augments
[12:44:12] [Worker-Main-2/INFO]: Loaded 20 mob soul types
[12:44:12] [Immersive Engineering Contributors Thread/INFO]: Attempting to download special revolvers from GitHub
[12:44:12] [Forge Version Check/INFO]: [cucumber] Found status: UP_TO_DATE Current: 7.0.16 Target: null
[12:44:12] [Forge Version Check/INFO]: [aether] Starting version check at https://github.com/The-Aether-Team/The-Aether/raw/1.20.1-develop/update.json
[12:44:13] [Worker-Main-2/INFO]: Version 10.4.16 initializing...
[12:44:13] [Worker-Main-2/INFO]: Fake player readout: UUID = 46e82cd0-d480-3d48-800a-77431ede078e, name = [Mekanism]
[12:44:13] [Worker-Main-2/INFO]: Mod loaded.
[12:44:13] [Worker-Main-2/INFO]: Loaded 'Mekanism: Generators' module.
[12:44:13] [Forge Version Check/INFO]: [aether] Found status: UP_TO_DATE Current: 1.20.1-1.5.2-neoforge Target: null
[12:44:13] [Forge Version Check/INFO]: [projecte] Starting version check at https://raw.githubusercontent.com/sinkillerj/ProjectE/mc1.20.x/update.json
[12:44:13] [Worker-Main-2/INFO]: Loaded 'Mekanism: Tools' module.
[12:44:13] [Worker-Main-3/INFO]: [OptiFine] BetterGrass: Parsing default configuration optifine/bettergrass.properties
[12:44:13] [Forge Version Check/INFO]: [projecte] Found status: UP_TO_DATE Current: 1.0.1 Target: null
[12:44:13] [Forge Version Check/INFO]: [forge] Starting version check at https://files.minecraftforge.net/net/minecraftforge/forge/promotions_slim.json
[12:44:13] [Forge Version Check/INFO]: [forge] Found status: UP_TO_DATE Current: 47.4.10 Target: null
[12:44:13] [Forge Version Check/INFO]: [twilightforest] Starting version check at https://gh.tamaized.com/TeamTwilight/twilightforest/update.json
[12:44:14] [Forge Version Check/INFO]: [twilightforest] Found status: AHEAD Current: 4.3.2508 Target: null
[12:44:14] [Forge Version Check/INFO]: [mysticalagriculture] Starting version check at https://api.blakesmods.com/v2/mods/mysticalagriculture/1.20/updates
[12:44:14] [Forge Version Check/INFO]: [mysticalagriculture] Found status: UP_TO_DATE Current: 7.0.24 Target: null
[12:44:14] [Forge Version Check/INFO]: [mysticalagradditions] Starting version check at https://api.blakesmods.com/v2/mods/mysticalagradditions/1.20/updates
[12:44:14] [Forge Version Check/INFO]: [mysticalagradditions] Found status: UP_TO_DATE Current: 7.0.12 Target: null
[12:44:14] [Forge Version Check/INFO]: [immersiveengineering] Starting version check at https://raw.githubusercontent.com/BluSunrize/ImmersiveEngineering/1.20.1/changelog.json
[12:44:14] [Forge Version Check/INFO]: [immersiveengineering] Found status: AHEAD Current: 1.20.1-10.2.0-183 Target: null
[12:44:14] [Forge Version Check/INFO]: [cumulus_menus] Starting version check at https://github.com/The-Aether-Team/Cumulus/raw/1.20.1-develop/update.json
[12:44:14] [Forge Version Check/INFO]: [cumulus_menus] Found status: UP_TO_DATE Current: 1.20.1-1.0.1-neoforge Target: null
[12:44:14] [Forge Version Check/INFO]: [codechickenlib] Starting version check at https://version-check.covers1624.net/check/?mod=CodeChickenLib&mc=1.20.1
[12:44:15] [Forge Version Check/INFO]: [codechickenlib] Found status: OUTDATED Current: 4.4.0.516 Target: 4.4.0.528
[12:44:15] [Forge Version Check/INFO]: [brandonscore] Starting version check at https://version-check.covers1624.net/check/?mod=BrandonsCore&mc=1.20.1
[12:44:16] [Forge Version Check/INFO]: [brandonscore] Found status: BETA Current: 3.2.1.302 Target: 3.2.1.302
[12:44:16] [Forge Version Check/INFO]: [draconicevolution] Starting version check at https://version-check.covers1624.net/check/?mod=Draconic-Evolution&mc=1.20.1
[12:44:16] [Forge Version Check/INFO]: [draconicevolution] Found status: AHEAD Current: 3.1.2.621 Target: null
[12:44:16] [Forge Version Check/INFO]: [divinerpg] Starting version check at https://raw.githubusercontent.com/DivineRPG/DivineRPG-Assets/main/divinerpg_update.json
[12:44:16] [Forge Version Check/INFO]: [divinerpg] Found status: OUTDATED Current: 1.10.7.5 Target: 1.10.7.6
[12:44:16] [Forge Version Check/INFO]: [cyclic] Starting version check at https://raw.githubusercontent.com/Lothrazar/cyclic/trunk/1.20.1/update.json
[12:44:16] [Forge Version Check/INFO]: [cyclic] Found status: BETA_OUTDATED Current: 1.13.6 Target: 1.13.7
[12:44:19] [Worker-Main-2/INFO]: [DivineRPG] Registered triggers
[12:44:20] [Worker-Main-1/INFO]: Loading XaeroLib client 1/2!
[12:44:20] [Worker-Main-2/INFO]: Loading Xaero's World Map - Stage 1/2
[12:44:20] [Worker-Main-2/INFO]: Initialized HolidayManager.
[12:44:21] [Worker-Main-2/INFO]: Loading Xaero's Minimap - Stage 1/2
[12:44:21] [Worker-Main-2/INFO]: [DivineRPG] Attached model properties
[12:44:21] [Worker-Main-2/INFO]: [DivineRPG] Registered screens
[12:44:22] [Render thread/INFO]: Loading Xaero's World Map - Stage 2/2
[12:44:22] [Render thread/INFO]: New world map region cache hash code: 1297980941
[12:44:23] [Render thread/INFO]: Registered player tracker system: map_synced
[12:44:23] [Render thread/INFO]: Xaero's WorldMap Mod: Xaero's minimap found!
[12:44:23] [Render thread/INFO]: Registered player tracker system: minimap_synced
[12:44:23] [Render thread/INFO]: Optifine!
[12:44:23] [Render thread/INFO]: Xaero's World Map: No Vivecraft!
[12:44:23] [Render thread/INFO]: Loading Xaero's Minimap - Stage 2/2
[12:44:24] [Render thread/INFO]: Registered player tracker system: minimap_synced
[12:44:24] [Render thread/INFO]: Loading XaeroLib common 2/2!
[12:44:24] [Render thread/INFO]: Loading XaeroLib client 2/2!
[12:49:33] [Worker-Main-3/INFO]: [OptiFine] Mipmap levels: 4
[12:49:33] [Worker-Main-2/WARN]: Unused frames in sprite refinedstorage:block/destructor/cutouts/connected: [20, 21, 22, 23]
[12:49:34] [Worker-Main-2/WARN]: Unused frames in sprite cyclic:block/magnet/mob_antimagnet_plate_front: [7]
[12:49:34] [Worker-Main-2/WARN]: Invalid frame index on sprite immersiveengineering:item/metal_ingot_uranium frame 2: 1
[12:49:34] [Worker-Main-2/WARN]: Invalid frame index on sprite immersiveengineering:item/metal_ingot_uranium frame 3: 1
[12:49:34] [Worker-Main-2/WARN]: Invalid frame index on sprite immersiveengineering:item/metal_ingot_uranium frame 4: 2
[12:49:34] [Worker-Main-2/WARN]: Invalid frame index on sprite immersiveengineering:item/metal_ingot_uranium frame 5: 2
[12:49:34] [Worker-Main-2/WARN]: Invalid frame index on sprite immersiveengineering:item/metal_ingot_uranium frame 6: 3
[12:49:34] [Worker-Main-2/WARN]: Invalid frame index on sprite immersiveengineering:item/metal_ingot_uranium frame 7: 3
[12:49:34] [Worker-Main-1/INFO]: [OptiFine] Scaled non power of 2: divinerpg:block/present_box_break, 14 -> 16
[12:49:34] [Worker-Main-1/INFO]: [OptiFine] Scaled non power of 2: aether:models/accessory/pendant/ice_pendant_accessory, 24 -> 32
[12:49:34] [Worker-Main-1/WARN]: Texture aether:models/accessory/pendant/ice_pendant_accessory with size 32x21 limits mip level from 4 to 0
[12:49:34] [Worker-Main-1/INFO]: [OptiFine] Scaled non power of 2: immersiveengineering:models/wallmount_steel, 24 -> 32
[12:49:34] [Worker-Main-1/INFO]: [OptiFine] Scaled non power of 2: aether:models/accessory/pendant/golden_pendant_accessory, 24 -> 32
[12:49:34] [Worker-Main-1/INFO]: [OptiFine] Scaled non power of 2: immersiveengineering:models/connector_structural, 38 -> 48
[12:49:34] [Worker-Main-1/INFO]: [OptiFine] Scaled non power of 2: aether:models/accessory/pendant/iron_pendant_accessory, 24 -> 32
[12:49:34] [Worker-Main-1/INFO]: [OptiFine] Scaled non power of 2: aether:models/accessory/pendant/zanite_pendant_accessory, 24 -> 32
[12:49:35] [Worker-Main-1/INFO]: [OptiFine] Scaled non power of 2: immersiveengineering:models/wallmount_wood, 24 -> 32
[12:49:35] [Worker-Main-1/INFO]: [OptiFine] Scaled non power of 2: immersiveengineering:models/blueprint_frame, 56 -> 64
[12:49:35] [Worker-Main-1/WARN]: minecraft:textures/atlas/blocks.png: dropping miplevel from 4 to 0, because of minimum power of two: 1
[12:49:57] [Worker-Main-3/WARN]: Using deprecated 'luminosity' field on ColoredBlockModel color data for tconstruct:queens_slime_block#inventory, this will be removed in 1.20 in favor of Forge's 'emissivity'.
[12:49:57] [Worker-Main-3/WARN]: Using deprecated 'luminosity' field on ColoredBlockModel color data for tconstruct:block/storage/queens_slime, this will be removed in 1.20 in favor of Forge's 'emissivity'.
[12:49:57] [Worker-Main-3/WARN]: Missing textures in model divinerpg:mortum_shield#inventory:
    minecraft:textures/atlas/blocks.png:divinerpg:shield/mortum_shield
[12:49:57] [Worker-Main-3/WARN]: Missing textures in model divinerpg:arlemite_shield#inventory:
    minecraft:textures/atlas/blocks.png:divinerpg:shield/arlemite_shield
[12:49:57] [Worker-Main-3/WARN]: Missing textures in model divinerpg:halite_shield#inventory:
    minecraft:textures/atlas/blocks.png:divinerpg:shield/halite_shield
[12:49:57] [Worker-Main-3/WARN]: Missing textures in model divinerpg:skythern_shield#inventory:
    minecraft:textures/atlas/blocks.png:divinerpg:shield/skythern_shield
[12:49:57] [Worker-Main-3/WARN]: Missing textures in model divinerpg:eden_shield#inventory:
    minecraft:textures/atlas/blocks.png:divinerpg:shield/eden_shield
[12:49:57] [Worker-Main-3/WARN]: Missing textures in model divinerpg:rupee_shield#inventory:
    minecraft:textures/atlas/blocks.png:divinerpg:shield/rupee_shield
[12:49:57] [Worker-Main-3/WARN]: Missing textures in model divinerpg:wildwood_shield#inventory:
    minecraft:textures/atlas/blocks.png:divinerpg:shield/wildwood_shield
[12:49:57] [Worker-Main-3/WARN]: Missing textures in model universecraft:fuel_250_l#inventory:
    minecraft:textures/atlas/blocks.png:minecraft:item/fuel
[12:49:57] [Worker-Main-3/WARN]: Missing textures in model universecraft:fuel#inventory:
    minecraft:textures/atlas/blocks.png:minecraft:item/fuel
[12:49:57] [Worker-Main-3/WARN]: Missing textures in model divinerpg:apalachia_shield#inventory:
    minecraft:textures/atlas/blocks.png:divinerpg:shield/apalachia_shield
[12:49:57] [Worker-Main-3/WARN]: Missing textures in model universecraft:duel_200_l#inventory:
    minecraft:textures/atlas/blocks.png:minecraft:item/fuel
[12:49:57] [Worker-Main-3/WARN]: Missing textures in model divinerpg:realmite_shield#inventory:
    minecraft:textures/atlas/blocks.png:divinerpg:shield/realmite_shield
[12:49:57] [Worker-Main-3/INFO]: Model replacement took 2 ms
[12:49:58] [Worker-Main-3/INFO]: Start loading plugin at com.aetherteam.aether.integration.jade.AetherJadePlugin
[12:49:58] [Worker-Main-3/INFO]: Start loading plugin at moze_intel.projecte.integration.jade.PEJadePlugin
[12:49:58] [Worker-Main-3/INFO]: Start loading plugin at twilightforest.compat.jade.JadeCompat
[12:49:58] [Worker-Main-3/INFO]: Start loading plugin at com.blakebr0.mysticalagriculture.compat.JadeCompat
[12:49:58] [Worker-Main-3/INFO]: Start loading plugin at com.blakebr0.mysticalagradditions.compat.JadeCompat
[12:49:58] [Worker-Main-3/INFO]: Start loading plugin at blusunrize.immersiveengineering.common.util.compat.jade.IEWailaPlugin
[12:49:58] [Worker-Main-3/INFO]: Start loading plugin at snownee.jade.addon.vanilla.VanillaPlugin
[12:49:58] [Worker-Main-3/INFO]: Start loading plugin at snownee.jade.addon.universal.UniversalPlugin
[12:49:58] [Worker-Main-3/INFO]: Start loading plugin at snownee.jade.addon.core.CorePlugin
[12:49:58] [Worker-Main-3/INFO]: Start loading plugin at appeng.integration.modules.jade.JadeModule
[12:49:58] [Worker-Main-1/INFO]: Registering Ponder Scenes took 544.9 ms
[12:49:58] [Worker-Main-1/INFO]: Registering Ponder Tags took 15.79 ms
[12:49:58] [Worker-Main-3/INFO]: Start loading plugin at mekanism.common.integration.lookingat.jade.MekanismJadePlugin
[12:50:25] [Render thread/WARN]: Missing sound for event: minecraft:item.goat_horn.play
[12:50:25] [Render thread/WARN]: Missing sound for event: minecraft:entity.goat.screaming.horn_break
[12:50:25] [Render thread/WARN]: Missing sound for event: aether:entity.sentry.ambient
[12:50:25] [Render thread/INFO]: OpenAL initialized on device OpenAL Soft on Altifalantes (Realtek High Definition Audio)
[12:50:25] [Render thread/INFO]: Sound engine started
[12:50:26] [Render thread/INFO]: Created: 8192x4096x0 minecraft:textures/atlas/blocks.png-atlas
[12:50:38] [Render thread/INFO]: [OptiFine] Animated sprites: 782
[12:50:38] [Render thread/INFO]: Created: 512x256x4 minecraft:textures/atlas/signs.png-atlas
[12:50:38] [Render thread/INFO]: [OptiFine] Animated sprites: 0
[12:50:38] [Render thread/INFO]: Created: 1024x512x4 minecraft:textures/atlas/shield_patterns.png-atlas
[12:50:38] [Render thread/INFO]: [OptiFine] Animated sprites: 0
[12:50:38] [Render thread/INFO]: Created: 1024x512x4 minecraft:textures/atlas/banner_patterns.png-atlas
[12:50:38] [Render thread/INFO]: [OptiFine] Animated sprites: 0
[12:50:38] [Render thread/INFO]: Created: 2048x2048x4 minecraft:textures/atlas/armor_trims.png-atlas
[12:50:39] [Render thread/INFO]: [OptiFine] Animated sprites: 0
[12:50:39] [Render thread/INFO]: Created: 128x64x4 minecraft:textures/atlas/decorated_pot.png-atlas
[12:50:39] [Render thread/INFO]: [OptiFine] Animated sprites: 0
[12:50:39] [Render thread/INFO]: Created: 512x512x4 minecraft:textures/atlas/chest.png-atlas
[12:50:39] [Render thread/INFO]: [OptiFine] Animated sprites: 0
[12:50:39] [Render thread/INFO]: Created: 512x256x4 minecraft:textures/atlas/beds.png-atlas
[12:50:39] [Render thread/INFO]: [OptiFine] Animated sprites: 0
[12:50:39] [Render thread/INFO]: Created: 512x256x4 minecraft:textures/atlas/shulker_boxes.png-atlas
[12:50:39] [Render thread/INFO]: [OptiFine] Animated sprites: 0
[12:50:42] [Render thread/WARN]: Shader rendertype_entity_translucent_emissive could not find sampler named Sampler2 in the specified shader program.
[12:50:45] [Render thread/WARN]: Shader brandonscore:contributor/patreon_core could not find uniform named Transition in the specified shader program.
[12:50:48] [Render thread/INFO]: Created: 1024x512x0 minecraft:textures/atlas/particles.png-atlas
[12:50:48] [Render thread/INFO]: [OptiFine] Animated sprites: 1
[12:50:48] [Render thread/INFO]: Created: 256x256x0 minecraft:textures/atlas/paintings.png-atlas
[12:50:48] [Render thread/INFO]: [OptiFine] Animated sprites: 0
[12:50:48] [Render thread/INFO]: Created: 512x512x0 minecraft:textures/atlas/mob_effects.png-atlas
[12:50:48] [Render thread/INFO]: [OptiFine] Animated sprites: 0
[12:50:48] [Render thread/INFO]: Created: 256x256x0 jei:textures/atlas/gui.png-atlas
[12:50:48] [Render thread/INFO]: [OptiFine] Animated sprites: 0
[12:50:48] [Render thread/INFO]: Successfully reloaded the XaeroLib shaders!
[12:50:50] [Render thread/INFO]: Data driven guides: []
[12:50:50] [Render thread/INFO]: Created: 128x64x0 guideme:textures/atlas/gui.png-atlas
[12:50:50] [Render thread/INFO]: [OptiFine] Animated sprites: 0
[12:50:50] [Render thread/INFO]: Created: 256x128x0 twilightforest:textures/atlas/magic_paintings.png-atlas
[12:50:50] [Render thread/INFO]: [OptiFine] Animated sprites: 0
[12:50:51] [Render thread/INFO]: Loaded 3 armor models in 79.7162 ms
[12:50:51] [Render thread/INFO]: Finished loading 712 Faucet Fluids in 14.5719 ms
[12:50:51] [Render thread/INFO]: Finished loading 2 Channel fluids in 7.6664 ms
[12:50:51] [Render thread/INFO]: Created: 512x256x0 mekanism:textures/atlas/robit.png-atlas
[12:50:51] [Render thread/INFO]: [OptiFine] Animated sprites: 0
[12:50:51] [Render thread/INFO]: Loaded 77 shader sources in 62,802 ms
[12:50:51] [Render thread/INFO]: Loaded 56 train hat configurations.
[12:50:51] [Render thread/INFO]: BookContentResourceListenerLoader preloaded 894 jsons
[12:50:51] [Render thread/INFO]: Loaded 18 fluid unit lists in 15.8329 ms
[12:50:51] [Render thread/INFO]: Finished loading 1204 Block entity fluids in 3.8381 ms
[12:50:51] [Render thread/INFO]: Finished loading 0 Block entity items in 1.8452 ms
[12:50:51] [Render thread/INFO]: Finished loading 964 Block entity items in 9.7378 ms
[12:50:51] [Render thread/INFO]: Created: 512x256x0 codechickenlib:textures/atlas/gui.png-atlas
[12:50:51] [Render thread/INFO]: [OptiFine] Animated sprites: 0
[12:50:51] [Render thread/INFO]: Created: 512x512x0 brandonscore:textures/atlas/gui.png-atlas
[12:50:51] [Render thread/INFO]: [OptiFine] Animated sprites: 0
[12:50:51] [Render thread/INFO]: Created: 256x256x0 draconicevolution:textures/atlas/module.png-atlas
[12:50:51] [Render thread/INFO]: [OptiFine] Animated sprites: 4
[12:50:51] [Render thread/INFO]: Created: 2048x1024x0 draconicevolution:textures/atlas/gui.png-atlas
[12:50:51] [Render thread/INFO]: [OptiFine] Animated sprites: 0
[12:50:51] [Render thread/INFO]: [OptiFine] *** Reloading custom textures ***
[12:50:51] [Render thread/WARN]: [OptiFine] Unknown resource pack type: net.minecraftforge.resource.DelegatingPackResources: mod_resources
[12:50:52] [Render thread/INFO]: [OptiFine] CustomColors: Colormap optifine/colormap/underwater.png
[12:50:52] [Render thread/WARN]: [OptiFine] Unknown resource pack type: net.minecraftforge.resource.DelegatingPackResources: mod_resources
[12:50:52] [Render thread/INFO]: [OptiFine] CustomColors: Colormap optifine/lightmap/world-1.png
[12:50:52] [Render thread/INFO]: [OptiFine] CustomColors: Colormap optifine/lightmap/world0.png
[12:50:52] [Render thread/INFO]: [OptiFine] CustomColors: Colormap optifine/lightmap/world1.png
[12:50:53] [Render thread/WARN]: [OptiFine] Unknown resource pack type: net.minecraftforge.resource.DelegatingPackResources: mod_resources
[12:51:04] [Render thread/WARN]: [OptiFine] Unknown resource pack type: net.minecraftforge.resource.DelegatingPackResources: mod_resources
[12:51:04] [Render thread/WARN]: [OptiFine] Unknown resource pack type: net.minecraftforge.resource.DelegatingPackResources: mod_resources
[12:51:04] [Render thread/INFO]: [OptiFine] Disable Forge light pipeline
[12:51:04] [Render thread/INFO]: [OptiFine] Set ForgeConfig.CLIENT.experimentalForgeLightPipelineEnabled=false
[12:51:04] [Realms Notification Availability checker #1/INFO]: Could not authorize you against Realms server: java.lang.RuntimeException: Failed to parse into SignedJWT: null
[12:51:16] [Render thread/ERROR]: Illegal format found `{0,choice,0#Sem mods|1#1<{0} mods} carregados`
[12:51:19] [Render thread/INFO]: Created 491 recipes which will be injected into the game
[12:51:19] [Render thread/INFO]: Created 9 tags which will be injected into the game
[12:51:19] [Render thread/INFO]: Injecting existing registry data into this CLIENT instance
[12:51:31] [Render thread/INFO]: Scanning class appeng.server.testplots.TestPlots for plots
[12:51:31] [Render thread/INFO]: Scanning class appeng.server.testplots.AutoCraftingTestPlots for plots
[12:51:31] [Render thread/INFO]: Scanning class appeng.server.testplots.InscriberTestPlots for plots
[12:51:31] [Render thread/INFO]: Scanning class appeng.server.testplots.P2PTestPlots for plots
[12:51:31] [Render thread/INFO]: Scanning class appeng.server.testplots.ItemP2PTestPlots for plots
[12:51:31] [Render thread/INFO]: Scanning class appeng.server.testplots.MemoryCardTestPlots for plots
[12:51:31] [Render thread/INFO]: Scanning class appeng.server.testplots.PatternProviderLockModePlots for plots
[12:51:31] [Render thread/INFO]: Scanning class appeng.server.testplots.PatternProviderPlots for plots
[12:51:31] [Render thread/INFO]: Scanning class appeng.server.testplots.SpatialTestPlots for plots
[12:51:31] [Render thread/INFO]: Scanning class appeng.server.testplots.QnbTestPlots for plots
[12:51:31] [Render thread/INFO]: Scanning class appeng.server.testplots.GuidebookPlot for plots
[12:51:31] [Render thread/INFO]: Scanning class appeng.server.testplots.SubnetPlots for plots
[12:51:31] [Render thread/INFO]: Scanning class appeng.server.testplots.ChannelTests for plots
[12:51:31] [Render thread/INFO]: Scanning class appeng.server.testplots.AnnihilationPlaneTests for plots
[12:51:32] [Worker-Main-3/ERROR]: Couldn't load tag minecraft:impermeable as it is missing following references: divinerpg:stained_glass2 (from divinerpg-1.10.7.5.jar), 
	divinerpg:stained_glass3 (from divinerpg-1.10.7.5.jar), 
	divinerpg:stained_glass4 (from divinerpg-1.10.7.5.jar), 
	divinerpg:stained_glass5 (from divinerpg-1.10.7.5.jar), 
	divinerpg:stained_glass6 (from divinerpg-1.10.7.5.jar), 
	divinerpg:stained_glass7 (from divinerpg-1.10.7.5.jar), 
	divinerpg:stained_glass8 (from divinerpg-1.10.7.5.jar)
[12:51:36] [Worker-Main-3/INFO]: Loaded 22 loot table injectors injecting into 20 tables in 26.1369 ms
[12:51:37] [Render thread/INFO]: Registered 0 recipes in 2 ms
[12:51:37] [Render thread/WARN]: Using deprecated JSON key 'name' while parsing Recipe mysticalagradditions:tconstruct/casting/prudentium/ingot_sand_cast, switch to current name of 'fluid'
[12:51:37] [Render thread/WARN]: Using deprecated JSON key 'name' while parsing Recipe mysticalagradditions:tconstruct/casting/prudentium/ingot_gold_cast, switch to current name of 'fluid'
[12:51:37] [Render thread/WARN]: Using deprecated JSON key 'name' while parsing Recipe mysticalagradditions:tconstruct/tools/casting/inferium, switch to current name of 'fluid'
[12:51:37] [Render thread/ERROR]: Parsing error loading recipe mob_grinding_utils:beheading/piglin
com.google.gson.JsonSyntaxException: Expected item to be an item, was unknown string 'tconstruct:piglin_head'
	at net.minecraft.util.GsonHelper.m_13866_(GsonHelper.java:145) ~[client-1.20.1-20230612.114412-srg.jar%23242!/:?]
	at java.util.Optional.orElseThrow(Optional.java:403) ~[?:?]
	at net.minecraft.util.GsonHelper.m_13874_(GsonHelper.java:145) ~[client-1.20.1-20230612.114412-srg.jar%23242!/:?]
	at net.minecraft.util.GsonHelper.m_13909_(GsonHelper.java:153) ~[client-1.20.1-20230612.114412-srg.jar%23242!/:?]
	at mob_grinding_utils.recipe.BeheadingRecipe$Serializer.fromJson(BeheadingRecipe.java:154) ~[mob_grinding_utils-1.20.1-1.1.0.jar%23228!/:1.20.1-1.1.0]
	at mob_grinding_utils.recipe.BeheadingRecipe$Serializer.m_6729_(BeheadingRecipe.java:145) ~[mob_grinding_utils-1.20.1-1.1.0.jar%23228!/:1.20.1-1.1.0]
	at net.minecraftforge.common.extensions.IForgeRecipeSerializer.fromJson(IForgeRecipeSerializer.java:23) ~[forge-1.20.1-47.4.10-universal.jar%23247!/:?]
	at net.minecraft.world.item.crafting.RecipeManager.fromJson(RecipeManager.java:171) ~[client-1.20.1-20230612.114412-srg.jar%23242!/:?]
	at net.minecraft.world.item.crafting.RecipeManager.m_44045_(RecipeManager.java:164) ~[client-1.20.1-20230612.114412-srg.jar%23242!/:?]
	at net.minecraftforge.common.crafting.ConditionalRecipe$Serializer.fromJson(ConditionalRecipe.java:57) ~[forge-1.20.1-47.4.10-universal.jar%23247!/:?]
	at net.minecraft.world.item.crafting.RecipeManager.fromJson(RecipeManager.java:171) ~[client-1.20.1-20230612.114412-srg.jar%23242!/:?]
	at net.minecraft.world.item.crafting.RecipeManager.m_5787_(RecipeManager.java:67) ~[client-1.20.1-20230612.114412-srg.jar%23242!/:?]
	at net.minecraft.world.item.crafting.RecipeManager.m_5787_(RecipeManager.java:34) ~[client-1.20.1-20230612.114412-srg.jar%23242!/:?]
	at net.minecraft.server.packs.resources.SimplePreparableReloadListener.m_10789_(SimplePreparableReloadListener.java:13) ~[client-1.20.1-20230612.114412-srg.jar%23242!/:?]
	at java.util.concurrent.CompletableFuture$UniAccept.tryFire(CompletableFuture.java:718) ~[?:?]
	at java.util.concurrent.CompletableFuture$Completion.run(CompletableFuture.java:482) ~[?:?]
	at net.minecraft.server.packs.resources.SimpleReloadInstance.m_143940_(SimpleReloadInstance.java:69) ~[client-1.20.1-20230612.114412-srg.jar%23242!/:?]
	at net.minecraft.util.thread.BlockableEventLoop.m_6367_(BlockableEventLoop.java:198) ~[client-1.20.1-20230612.114412-srg.jar%23242!/:?]
	at net.minecraft.util.thread.ReentrantBlockableEventLoop.m_6367_(ReentrantBlockableEventLoop.java:23) ~[client-1.20.1-20230612.114412-srg.jar%23242!/:?]
	at net.minecraft.util.thread.BlockableEventLoop.m_7245_(BlockableEventLoop.java:163) ~[client-1.20.1-20230612.114412-srg.jar%23242!/:?]
	at net.minecraft.util.thread.BlockableEventLoop.m_18701_(BlockableEventLoop.java:176) ~[client-1.20.1-20230612.114412-srg.jar%23242!/:?]
	at net.minecraft.client.gui.screens.worldselection.WorldOpenFlows.m_246486_(WorldOpenFlows.java:163) ~[client-1.20.1-20230612.114412-srg.jar%23242!/:?]
	at net.minecraft.client.gui.screens.worldselection.WorldOpenFlows.m_233122_(WorldOpenFlows.java:113) ~[client-1.20.1-20230612.114412-srg.jar%23242!/:?]
	at net.minecraft.client.gui.screens.worldselection.WorldOpenFlows.doLoadLevel(WorldOpenFlows.java:181) ~[client-1.20.1-20230612.114412-srg.jar%23242!/:?]
	at net.minecraft.client.gui.screens.worldselection.WorldOpenFlows.m_233145_(WorldOpenFlows.java:169) ~[client-1.20.1-20230612.114412-srg.jar%23242!/:?]
	at net.minecraft.client.gui.screens.worldselection.WorldOpenFlows.m_233133_(WorldOpenFlows.java:65) ~[client-1.20.1-20230612.114412-srg.jar%23242!/:?]
	at net.minecraft.client.gui.screens.worldselection.WorldSelectionList$WorldListEntry.m_101744_(WorldSelectionList.java:575) ~[client-1.20.1-20230612.114412-srg.jar%23242!/:?]
	at net.minecraft.client.gui.screens.worldselection.WorldSelectionList$WorldListEntry.m_101704_(WorldSelectionList.java:474) ~[client-1.20.1-20230612.114412-srg.jar%23242!/:?]
	at net.minecraft.client.gui.screens.worldselection.WorldSelectionList$WorldListEntry.m_6375_(WorldSelectionList.java:413) ~[client-1.20.1-20230612.114412-srg.jar%23242!/:?]
	at net.minecraft.client.gui.components.AbstractSelectionList.m_6375_(AbstractSelectionList.java:298) ~[client-1.20.1-20230612.114412-srg.jar%23242!/:?]
	at net.minecraft.client.gui.components.events.ContainerEventHandler.m_6375_(ContainerEventHandler.java:38) ~[client-1.20.1-20230612.114412-srg.jar%23242!/:?]
	at net.minecraft.client.MouseHandler.m_168084_(MouseHandler.java:92) ~[client-1.20.1-20230612.114412-srg.jar%23242!/:?]
	at net.minecraft.client.gui.screens.Screen.m_96579_(Screen.java:437) ~[client-1.20.1-20230612.114412-srg.jar%23242!/:?]
	at net.minecraft.client.MouseHandler.m_91530_(MouseHandler.java:89) ~[client-1.20.1-20230612.114412-srg.jar%23242!/:?]
	at net.minecraft.client.MouseHandler.m_168091_(MouseHandler.java:189) ~[client-1.20.1-20230612.114412-srg.jar%23242!/:?]
	at net.minecraft.util.thread.BlockableEventLoop.execute(BlockableEventLoop.java:118) ~[client-1.20.1-20230612.114412-srg.jar%23242!/:?]
	at net.minecraft.client.MouseHandler.m_91565_(MouseHandler.java:188) ~[client-1.20.1-20230612.114412-srg.jar%23242!/:?]
	at org.lwjgl.glfw.GLFWMouseButtonCallbackI.callback(GLFWMouseButtonCallbackI.java:43) ~[lwjgl-glfw-3.3.1.jar%23141!/:build 7]
	at org.lwjgl.system.JNI.invokeV(Native Method) ~[lwjgl-3.3.1.jar%23153!/:build 7]
	at org.lwjgl.glfw.GLFW.glfwPollEvents(GLFW.java:3403) ~[lwjgl-glfw-3.3.1.jar%23141!/:build 7]
	at com.mojang.blaze3d.systems.RenderSystem.pollEvents(RenderSystem.java:210) ~[client-1.20.1-20230612.114412-srg.jar%23242!/:?]
	at com.mojang.blaze3d.systems.RenderSystem.flipFrame(RenderSystem.java:221) ~[client-1.20.1-20230612.114412-srg.jar%23242!/:?]
	at com.mojang.blaze3d.platform.Window.m_85435_(Window.java:376) ~[client-1.20.1-20230612.114412-srg.jar%23242!/:?]
	at net.minecraft.client.Minecraft.m_91383_(Minecraft.java:1170) ~[client-1.20.1-20230612.114412-srg.jar%23242!/:?]
	at net.minecraft.client.Minecraft.m_91374_(Minecraft.java:718) ~[client-1.20.1-20230612.114412-srg.jar%23242!/:?]
	at net.minecraft.client.main.Main.main(Main.java:218) ~[Teste.jar:?]
	at jdk.internal.reflect.NativeMethodAccessorImpl.invoke0(Native Method) ~[?:?]
	at jdk.internal.reflect.NativeMethodAccessorImpl.invoke(NativeMethodAccessorImpl.java:77) ~[?:?]
	at jdk.internal.reflect.DelegatingMethodAccessorImpl.invoke(DelegatingMethodAccessorImpl.java:43) ~[?:?]
	at java.lang.reflect.Method.invoke(Method.java:569) ~[?:?]
	at net.minecraftforge.fml.loading.targets.CommonLaunchHandler.runTarget(CommonLaunchHandler.java:111) ~[fmlloader-1.20.1-47.4.10.jar:?]
	at net.minecraftforge.fml.loading.targets.CommonLaunchHandler.clientService(CommonLaunchHandler.java:99) ~[fmlloader-1.20.1-47.4.10.jar:?]
	at net.minecraftforge.fml.loading.targets.CommonClientLaunchHandler.lambda$makeService$0(CommonClientLaunchHandler.java:25) ~[fmlloader-1.20.1-47.4.10.jar:?]
	at cpw.mods.modlauncher.LaunchServiceHandlerDecorator.launch(LaunchServiceHandlerDecorator.java:30) ~[modlauncher-10.0.9.jar:?]
	at cpw.mods.modlauncher.LaunchServiceHandler.launch(LaunchServiceHandler.java:53) ~[modlauncher-10.0.9.jar:?]
	at cpw.mods.modlauncher.LaunchServiceHandler.launch(LaunchServiceHandler.java:71) ~[modlauncher-10.0.9.jar:?]
	at cpw.mods.modlauncher.Launcher.run(Launcher.java:108) ~[modlauncher-10.0.9.jar:?]
	at cpw.mods.modlauncher.Launcher.main(Launcher.java:78) ~[modlauncher-10.0.9.jar:?]
	at cpw.mods.modlauncher.BootstrapLaunchConsumer.accept(BootstrapLaunchConsumer.java:26) ~[modlauncher-10.0.9.jar:?]
	at cpw.mods.modlauncher.BootstrapLaunchConsumer.accept(BootstrapLaunchConsumer.java:23) ~[modlauncher-10.0.9.jar:?]
	at cpw.mods.bootstraplauncher.BootstrapLauncher.main(BootstrapLauncher.java:141) ~[bootstraplauncher-1.1.2.jar:?]
[12:51:37] [Render thread/INFO]: Skipping loading recipe twilightforest:jeed/hunger as it's serializer returned null
[12:51:37] [Render thread/WARN]: Using deprecated JSON key 'name' while parsing Recipe mysticalagradditions:tconstruct/casting/inferium/nugget_sand_cast, switch to current name of 'fluid'
[12:51:37] [Render thread/WARN]: Using deprecated JSON key 'name' while parsing Recipe mysticalagradditions:tconstruct/casting/inferium/ingot_sand_cast, switch to current name of 'fluid'
[12:51:37] [Render thread/WARN]: Using deprecated JSON key 'name' while parsing Recipe mysticalagradditions:tconstruct/tools/casting/supremium, switch to current name of 'fluid'
[12:51:37] [Render thread/WARN]: Using deprecated JSON key 'name' while parsing Recipe mysticalagradditions:tconstruct/casting/inferium/block, switch to current name of 'fluid'
[12:51:37] [Render thread/WARN]: Using deprecated JSON key 'name' while parsing Recipe mysticalagradditions:tconstruct/casting/inferium/ingot_gold_cast, switch to current name of 'fluid'
[12:51:37] [Render thread/WARN]: Using deprecated JSON key 'name' while parsing Recipe mysticalagradditions:tconstruct/casting/imperium/nugget_gold_cast, switch to current name of 'fluid'
[12:51:37] [Render thread/INFO]: Skipping loading recipe projecte:tome as it's serializer returned null
[12:51:37] [Render thread/ERROR]: Error loading recipe cyclic:compat/melter_blood_slimeballs1
com.google.gson.JsonSyntaxException: Unknown item 'tconstruct:blood_slime_ball'
	at net.minecraft.world.item.crafting.ShapedRecipe.m_151280_(ShapedRecipe.java:292) ~[client-1.20.1-20230612.114412-srg.jar%23242!/:?]
	at java.util.Optional.orElseThrow(Optional.java:403) ~[?:?]
	at net.minecraft.world.item.crafting.ShapedRecipe.m_151278_(ShapedRecipe.java:291) ~[client-1.20.1-20230612.114412-srg.jar%23242!/:?]
	at net.minecraft.world.item.crafting.Ingredient.m_43919_(Ingredient.java:219) ~[client-1.20.1-20230612.114412-srg.jar%23242!/:?]
	at net.minecraftforge.common.crafting.VanillaIngredientSerializer.parse(VanillaIngredientSerializer.java:27) ~[forge-1.20.1-47.4.10-universal.jar%23247!/:?]
	at net.minecraftforge.common.crafting.CraftingHelper.getIngredient(CraftingHelper.java:148) ~[forge-1.20.1-47.4.10-universal.jar%23247!/:?]
	at net.minecraft.world.item.crafting.Ingredient.m_288218_(Ingredient.java:194) ~[client-1.20.1-20230612.114412-srg.jar%23242!/:?]
	at net.minecraft.world.item.crafting.Ingredient.m_43917_(Ingredient.java:189) ~[client-1.20.1-20230612.114412-srg.jar%23242!/:?]
	at com.lothrazar.library.util.RecipeUtil.getIngredientsArray(RecipeUtil.java:57) ~[flib-1.20.1-0.0.16.jar%23216!/:1.20.1-0.0.16]
	at com.lothrazar.cyclic.block.melter.RecipeMelter$SerializeMelter.fromJson(RecipeMelter.java:130) ~[Cyclic-1.20.1-1.13.6.jar%23213!/:1.20.1-1.13.6]
	at com.lothrazar.cyclic.block.melter.RecipeMelter$SerializeMelter.m_6729_(RecipeMelter.java:119) ~[Cyclic-1.20.1-1.13.6.jar%23213!/:1.20.1-1.13.6]
	at net.minecraftforge.common.extensions.IForgeRecipeSerializer.fromJson(IForgeRecipeSerializer.java:23) ~[forge-1.20.1-47.4.10-universal.jar%23247!/:?]
	at net.minecraft.world.item.crafting.RecipeManager.fromJson(RecipeManager.java:171) ~[client-1.20.1-20230612.114412-srg.jar%23242!/:?]
	at net.minecraft.world.item.crafting.RecipeManager.m_5787_(RecipeManager.java:67) ~[client-1.20.1-20230612.114412-srg.jar%23242!/:?]
	at net.minecraft.world.item.crafting.RecipeManager.m_5787_(RecipeManager.java:34) ~[client-1.20.1-20230612.114412-srg.jar%23242!/:?]
	at net.minecraft.server.packs.resources.SimplePreparableReloadListener.m_10789_(SimplePreparableReloadListener.java:13) ~[client-1.20.1-20230612.114412-srg.jar%23242!/:?]
	at java.util.concurrent.CompletableFuture$UniAccept.tryFire(CompletableFuture.java:718) ~[?:?]
	at java.util.concurrent.CompletableFuture$Completion.run(CompletableFuture.java:482) ~[?:?]
	at net.minecraft.server.packs.resources.SimpleReloadInstance.m_143940_(SimpleReloadInstance.java:69) ~[client-1.20.1-20230612.114412-srg.jar%23242!/:?]
	at net.minecraft.util.thread.BlockableEventLoop.m_6367_(BlockableEventLoop.java:198) ~[client-1.20.1-20230612.114412-srg.jar%23242!/:?]
	at net.minecraft.util.thread.ReentrantBlockableEventLoop.m_6367_(ReentrantBlockableEventLoop.java:23) ~[client-1.20.1-20230612.114412-srg.jar%23242!/:?]
	at net.minecraft.util.thread.BlockableEventLoop.m_7245_(BlockableEventLoop.java:163) ~[client-1.20.1-20230612.114412-srg.jar%23242!/:?]
	at net.minecraft.util.thread.BlockableEventLoop.m_18701_(BlockableEventLoop.java:176) ~[client-1.20.1-20230612.114412-srg.jar%23242!/:?]
	at net.minecraft.client.gui.screens.worldselection.WorldOpenFlows.m_246486_(WorldOpenFlows.java:163) ~[client-1.20.1-20230612.114412-srg.jar%23242!/:?]
	at net.minecraft.client.gui.screens.worldselection.WorldOpenFlows.m_233122_(WorldOpenFlows.java:113) ~[client-1.20.1-20230612.114412-srg.jar%23242!/:?]
	at net.minecraft.client.gui.screens.worldselection.WorldOpenFlows.doLoadLevel(WorldOpenFlows.java:181) ~[client-1.20.1-20230612.114412-srg.jar%23242!/:?]
	at net.minecraft.client.gui.screens.worldselection.WorldOpenFlows.m_233145_(WorldOpenFlows.java:169) ~[client-1.20.1-20230612.114412-srg.jar%23242!/:?]
	at net.minecraft.client.gui.screens.worldselection.WorldOpenFlows.m_233133_(WorldOpenFlows.java:65) ~[client-1.20.1-20230612.114412-srg.jar%23242!/:?]
	at net.minecraft.client.gui.screens.worldselection.WorldSelectionList$WorldListEntry.m_101744_(WorldSelectionList.java:575) ~[client-1.20.1-20230612.114412-srg.jar%23242!/:?]
	at net.minecraft.client.gui.screens.worldselection.WorldSelectionList$WorldListEntry.m_101704_(WorldSelectionList.java:474) ~[client-1.20.1-20230612.114412-srg.jar%23242!/:?]
	at net.minecraft.client.gui.screens.worldselection.WorldSelectionList$WorldListEntry.m_6375_(WorldSelectionList.java:413) ~[client-1.20.1-20230612.114412-srg.jar%23242!/:?]
	at net.minecraft.client.gui.components.AbstractSelectionList.m_6375_(AbstractSelectionList.java:298) ~[client-1.20.1-20230612.114412-srg.jar%23242!/:?]
	at net.minecraft.client.gui.components.events.ContainerEventHandler.m_6375_(ContainerEventHandler.java:38) ~[client-1.20.1-20230612.114412-srg.jar%23242!/:?]
	at net.minecraft.client.MouseHandler.m_168084_(MouseHandler.java:92) ~[client-1.20.1-20230612.114412-srg.jar%23242!/:?]
	at net.minecraft.client.gui.screens.Screen.m_96579_(Screen.java:437) ~[client-1.20.1-20230612.114412-srg.jar%23242!/:?]
	at net.minecraft.client.MouseHandler.m_91530_(MouseHandler.java:89) ~[client-1.20.1-20230612.114412-srg.jar%23242!/:?]
	at net.minecraft.client.MouseHandler.m_168091_(MouseHandler.java:189) ~[client-1.20.1-20230612.114412-srg.jar%23242!/:?]
	at net.minecraft.util.thread.BlockableEventLoop.execute(BlockableEventLoop.java:118) ~[client-1.20.1-20230612.114412-srg.jar%23242!/:?]
	at net.minecraft.client.MouseHandler.m_91565_(MouseHandler.java:188) ~[client-1.20.1-20230612.114412-srg.jar%23242!/:?]
	at org.lwjgl.glfw.GLFWMouseButtonCallbackI.callback(GLFWMouseButtonCallbackI.java:43) ~[lwjgl-glfw-3.3.1.jar%23141!/:build 7]
	at org.lwjgl.system.JNI.invokeV(Native Method) ~[lwjgl-3.3.1.jar%23153!/:build 7]
	at org.lwjgl.glfw.GLFW.glfwPollEvents(GLFW.java:3403) ~[lwjgl-glfw-3.3.1.jar%23141!/:build 7]
	at com.mojang.blaze3d.systems.RenderSystem.pollEvents(RenderSystem.java:210) ~[client-1.20.1-20230612.114412-srg.jar%23242!/:?]
	at com.mojang.blaze3d.systems.RenderSystem.flipFrame(RenderSystem.java:221) ~[client-1.20.1-20230612.114412-srg.jar%23242!/:?]
	at com.mojang.blaze3d.platform.Window.m_85435_(Window.java:376) ~[client-1.20.1-20230612.114412-srg.jar%23242!/:?]
	at net.minecraft.client.Minecraft.m_91383_(Minecraft.java:1170) ~[client-1.20.1-20230612.114412-srg.jar%23242!/:?]
	at net.minecraft.client.Minecraft.m_91374_(Minecraft.java:718) ~[client-1.20.1-20230612.114412-srg.jar%23242!/:?]
	at net.minecraft.client.main.Main.main(Main.java:218) ~[Teste.jar:?]
	at jdk.internal.reflect.NativeMethodAccessorImpl.invoke0(Native Method) ~[?:?]
	at jdk.internal.reflect.NativeMethodAccessorImpl.invoke(NativeMethodAccessorImpl.java:77) ~[?:?]
	at jdk.internal.reflect.DelegatingMethodAccessorImpl.invoke(DelegatingMethodAccessorImpl.java:43) ~[?:?]
	at java.lang.reflect.Method.invoke(Method.java:569) ~[?:?]
	at net.minecraftforge.fml.loading.targets.CommonLaunchHandler.runTarget(CommonLaunchHandler.java:111) ~[fmlloader-1.20.1-47.4.10.jar:?]
	at net.minecraftforge.fml.loading.targets.CommonLaunchHandler.clientService(CommonLaunchHandler.java:99) ~[fmlloader-1.20.1-47.4.10.jar:?]
	at net.minecraftforge.fml.loading.targets.CommonClientLaunchHandler.lambda$makeService$0(CommonClientLaunchHandler.java:25) ~[fmlloader-1.20.1-47.4.10.jar:?]
	at cpw.mods.modlauncher.LaunchServiceHandlerDecorator.launch(LaunchServiceHandlerDecorator.java:30) ~[modlauncher-10.0.9.jar:?]
	at cpw.mods.modlauncher.LaunchServiceHandler.launch(LaunchServiceHandler.java:53) ~[modlauncher-10.0.9.jar:?]
	at cpw.mods.modlauncher.LaunchServiceHandler.launch(LaunchServiceHandler.java:71) ~[modlauncher-10.0.9.jar:?]
	at cpw.mods.modlauncher.Launcher.run(Launcher.java:108) ~[modlauncher-10.0.9.jar:?]
	at cpw.mods.modlauncher.Launcher.main(Launcher.java:78) ~[modlauncher-10.0.9.jar:?]
	at cpw.mods.modlauncher.BootstrapLaunchConsumer.accept(BootstrapLaunchConsumer.java:26) ~[modlauncher-10.0.9.jar:?]
	at cpw.mods.modlauncher.BootstrapLaunchConsumer.accept(BootstrapLaunchConsumer.java:23) ~[modlauncher-10.0.9.jar:?]
	at cpw.mods.bootstraplauncher.BootstrapLauncher.main(BootstrapLauncher.java:141) ~[bootstraplauncher-1.1.2.jar:?]
[12:51:37] [Render thread/INFO]: Skipping loading recipe cyclic:compat/melter_blood_slimeballs1 as it's serializer returned null
[12:51:37] [Render thread/INFO]: Skipping loading recipe bloodmagic:meteor/thermal as it's serializer returned null
[12:51:37] [Render thread/INFO]: Skipping loading recipe twilightforest:jeed/poison as it's serializer returned null
[12:51:38] [Render thread/INFO]: Skipping loading recipe projecte:tome_alt as it's serializer returned null
[12:51:38] [Render thread/WARN]: Using deprecated JSON key 'name' while parsing Recipe mysticalagradditions:tconstruct/casting/inferium/nugget_gold_cast, switch to current name of 'fluid'
[12:51:38] [Render thread/WARN]: Using deprecated JSON key 'name' while parsing Recipe mysticalagradditions:tconstruct/casting/soulium/block, switch to current name of 'fluid'
[12:51:38] [Render thread/WARN]: Using deprecated JSON key 'name' while parsing Recipe mysticalagradditions:tconstruct/tools/casting/imperium, switch to current name of 'fluid'
[12:51:38] [Render thread/WARN]: Using deprecated JSON key 'name' while parsing Recipe mysticalagradditions:tconstruct/tools/casting/prudentium, switch to current name of 'fluid'
[12:51:38] [Render thread/WARN]: Using deprecated JSON key 'name' while parsing Recipe mysticalagradditions:tconstruct/tools/casting/tertium, switch to current name of 'fluid'
[12:51:38] [Render thread/WARN]: Using deprecated JSON key 'name' while parsing Recipe mysticalagradditions:tconstruct/casting/tertium/ingot_gold_cast, switch to current name of 'fluid'
[12:51:38] [Render thread/WARN]: Using deprecated JSON key 'name' while parsing Recipe mysticalagradditions:tconstruct/casting/supremium/ingot_gold_cast, switch to current name of 'fluid'
[12:51:38] [Render thread/INFO]: Skipping loading recipe twilightforest:jeed/regeneration as it's serializer returned null
[12:51:38] [Render thread/ERROR]: Error loading recipe cyclic:compat/melter_blood_slimeblock
com.google.gson.JsonSyntaxException: Unknown item 'tconstruct:blood_slime'
	at net.minecraft.world.item.crafting.ShapedRecipe.m_151280_(ShapedRecipe.java:292) ~[client-1.20.1-20230612.114412-srg.jar%23242!/:?]
	at java.util.Optional.orElseThrow(Optional.java:403) ~[?:?]
	at net.minecraft.world.item.crafting.ShapedRecipe.m_151278_(ShapedRecipe.java:291) ~[client-1.20.1-20230612.114412-srg.jar%23242!/:?]
	at net.minecraft.world.item.crafting.Ingredient.m_43919_(Ingredient.java:219) ~[client-1.20.1-20230612.114412-srg.jar%23242!/:?]
	at net.minecraftforge.common.crafting.VanillaIngredientSerializer.parse(VanillaIngredientSerializer.java:27) ~[forge-1.20.1-47.4.10-universal.jar%23247!/:?]
	at net.minecraftforge.common.crafting.CraftingHelper.getIngredient(CraftingHelper.java:148) ~[forge-1.20.1-47.4.10-universal.jar%23247!/:?]
	at net.minecraft.world.item.crafting.Ingredient.m_288218_(Ingredient.java:194) ~[client-1.20.1-20230612.114412-srg.jar%23242!/:?]
	at net.minecraft.world.item.crafting.Ingredient.m_43917_(Ingredient.java:189) ~[client-1.20.1-20230612.114412-srg.jar%23242!/:?]
	at com.lothrazar.library.util.RecipeUtil.getIngredientsArray(RecipeUtil.java:57) ~[flib-1.20.1-0.0.16.jar%23216!/:1.20.1-0.0.16]
	at com.lothrazar.cyclic.block.melter.RecipeMelter$SerializeMelter.fromJson(RecipeMelter.java:130) ~[Cyclic-1.20.1-1.13.6.jar%23213!/:1.20.1-1.13.6]
	at com.lothrazar.cyclic.block.melter.RecipeMelter$SerializeMelter.m_6729_(RecipeMelter.java:119) ~[Cyclic-1.20.1-1.13.6.jar%23213!/:1.20.1-1.13.6]
	at net.minecraftforge.common.extensions.IForgeRecipeSerializer.fromJson(IForgeRecipeSerializer.java:23) ~[forge-1.20.1-47.4.10-universal.jar%23247!/:?]
	at net.minecraft.world.item.crafting.RecipeManager.fromJson(RecipeManager.java:171) ~[client-1.20.1-20230612.114412-srg.jar%23242!/:?]
	at net.minecraft.world.item.crafting.RecipeManager.m_5787_(RecipeManager.java:67) ~[client-1.20.1-20230612.114412-srg.jar%23242!/:?]
	at net.minecraft.world.item.crafting.RecipeManager.m_5787_(RecipeManager.java:34) ~[client-1.20.1-20230612.114412-srg.jar%23242!/:?]
	at net.minecraft.server.packs.resources.SimplePreparableReloadListener.m_10789_(SimplePreparableReloadListener.java:13) ~[client-1.20.1-20230612.114412-srg.jar%23242!/:?]
	at java.util.concurrent.CompletableFuture$UniAccept.tryFire(CompletableFuture.java:718) ~[?:?]
	at java.util.concurrent.CompletableFuture$Completion.run(CompletableFuture.java:482) ~[?:?]
	at net.minecraft.server.packs.resources.SimpleReloadInstance.m_143940_(SimpleReloadInstance.java:69) ~[client-1.20.1-20230612.114412-srg.jar%23242!/:?]
	at net.minecraft.util.thread.BlockableEventLoop.m_6367_(BlockableEventLoop.java:198) ~[client-1.20.1-20230612.114412-srg.jar%23242!/:?]
	at net.minecraft.util.thread.ReentrantBlockableEventLoop.m_6367_(ReentrantBlockableEventLoop.java:23) ~[client-1.20.1-20230612.114412-srg.jar%23242!/:?]
	at net.minecraft.util.thread.BlockableEventLoop.m_7245_(BlockableEventLoop.java:163) ~[client-1.20.1-20230612.114412-srg.jar%23242!/:?]
	at net.minecraft.util.thread.BlockableEventLoop.m_18701_(BlockableEventLoop.java:176) ~[client-1.20.1-20230612.114412-srg.jar%23242!/:?]
	at net.minecraft.client.gui.screens.worldselection.WorldOpenFlows.m_246486_(WorldOpenFlows.java:163) ~[client-1.20.1-20230612.114412-srg.jar%23242!/:?]
	at net.minecraft.client.gui.screens.worldselection.WorldOpenFlows.m_233122_(WorldOpenFlows.java:113) ~[client-1.20.1-20230612.114412-srg.jar%23242!/:?]
	at net.minecraft.client.gui.screens.worldselection.WorldOpenFlows.doLoadLevel(WorldOpenFlows.java:181) ~[client-1.20.1-20230612.114412-srg.jar%23242!/:?]
	at net.minecraft.client.gui.screens.worldselection.WorldOpenFlows.m_233145_(WorldOpenFlows.java:169) ~[client-1.20.1-20230612.114412-srg.jar%23242!/:?]
	at net.minecraft.client.gui.screens.worldselection.WorldOpenFlows.m_233133_(WorldOpenFlows.java:65) ~[client-1.20.1-20230612.114412-srg.jar%23242!/:?]
	at net.minecraft.client.gui.screens.worldselection.WorldSelectionList$WorldListEntry.m_101744_(WorldSelectionList.java:575) ~[client-1.20.1-20230612.114412-srg.jar%23242!/:?]
	at net.minecraft.client.gui.screens.worldselection.WorldSelectionList$WorldListEntry.m_101704_(WorldSelectionList.java:474) ~[client-1.20.1-20230612.114412-srg.jar%23242!/:?]
	at net.minecraft.client.gui.screens.worldselection.WorldSelectionList$WorldListEntry.m_6375_(WorldSelectionList.java:413) ~[client-1.20.1-20230612.114412-srg.jar%23242!/:?]
	at net.minecraft.client.gui.components.AbstractSelectionList.m_6375_(AbstractSelectionList.java:298) ~[client-1.20.1-20230612.114412-srg.jar%23242!/:?]
	at net.minecraft.client.gui.components.events.ContainerEventHandler.m_6375_(ContainerEventHandler.java:38) ~[client-1.20.1-20230612.114412-srg.jar%23242!/:?]
	at net.minecraft.client.MouseHandler.m_168084_(MouseHandler.java:92) ~[client-1.20.1-20230612.114412-srg.jar%23242!/:?]
	at net.minecraft.client.gui.screens.Screen.m_96579_(Screen.java:437) ~[client-1.20.1-20230612.114412-srg.jar%23242!/:?]
	at net.minecraft.client.MouseHandler.m_91530_(MouseHandler.java:89) ~[client-1.20.1-20230612.114412-srg.jar%23242!/:?]
	at net.minecraft.client.MouseHandler.m_168091_(MouseHandler.java:189) ~[client-1.20.1-20230612.114412-srg.jar%23242!/:?]
	at net.minecraft.util.thread.BlockableEventLoop.execute(BlockableEventLoop.java:118) ~[client-1.20.1-20230612.114412-srg.jar%23242!/:?]
	at net.minecraft.client.MouseHandler.m_91565_(MouseHandler.java:188) ~[client-1.20.1-20230612.114412-srg.jar%23242!/:?]
	at org.lwjgl.glfw.GLFWMouseButtonCallbackI.callback(GLFWMouseButtonCallbackI.java:43) ~[lwjgl-glfw-3.3.1.jar%23141!/:build 7]
	at org.lwjgl.system.JNI.invokeV(Native Method) ~[lwjgl-3.3.1.jar%23153!/:build 7]
	at org.lwjgl.glfw.GLFW.glfwPollEvents(GLFW.java:3403) ~[lwjgl-glfw-3.3.1.jar%23141!/:build 7]
	at com.mojang.blaze3d.systems.RenderSystem.pollEvents(RenderSystem.java:210) ~[client-1.20.1-20230612.114412-srg.jar%23242!/:?]
	at com.mojang.blaze3d.systems.RenderSystem.flipFrame(RenderSystem.java:221) ~[client-1.20.1-20230612.114412-srg.jar%23242!/:?]
	at com.mojang.blaze3d.platform.Window.m_85435_(Window.java:376) ~[client-1.20.1-20230612.114412-srg.jar%23242!/:?]
	at net.minecraft.client.Minecraft.m_91383_(Minecraft.java:1170) ~[client-1.20.1-20230612.114412-srg.jar%23242!/:?]
	at net.minecraft.client.Minecraft.m_91374_(Minecraft.java:718) ~[client-1.20.1-20230612.114412-srg.jar%23242!/:?]
	at net.minecraft.client.main.Main.main(Main.java:218) ~[Teste.jar:?]
	at jdk.internal.reflect.NativeMethodAccessorImpl.invoke0(Native Method) ~[?:?]
	at jdk.internal.reflect.NativeMethodAccessorImpl.invoke(NativeMethodAccessorImpl.java:77) ~[?:?]
	at jdk.internal.reflect.DelegatingMethodAccessorImpl.invoke(DelegatingMethodAccessorImpl.java:43) ~[?:?]
	at java.lang.reflect.Method.invoke(Method.java:569) ~[?:?]
	at net.minecraftforge.fml.loading.targets.CommonLaunchHandler.runTarget(CommonLaunchHandler.java:111) ~[fmlloader-1.20.1-47.4.10.jar:?]
	at net.minecraftforge.fml.loading.targets.CommonLaunchHandler.clientService(CommonLaunchHandler.java:99) ~[fmlloader-1.20.1-47.4.10.jar:?]
	at net.minecraftforge.fml.loading.targets.CommonClientLaunchHandler.lambda$makeService$0(CommonClientLaunchHandler.java:25) ~[fmlloader-1.20.1-47.4.10.jar:?]
	at cpw.mods.modlauncher.LaunchServiceHandlerDecorator.launch(LaunchServiceHandlerDecorator.java:30) ~[modlauncher-10.0.9.jar:?]
	at cpw.mods.modlauncher.LaunchServiceHandler.launch(LaunchServiceHandler.java:53) ~[modlauncher-10.0.9.jar:?]
	at cpw.mods.modlauncher.LaunchServiceHandler.launch(LaunchServiceHandler.java:71) ~[modlauncher-10.0.9.jar:?]
	at cpw.mods.modlauncher.Launcher.run(Launcher.java:108) ~[modlauncher-10.0.9.jar:?]
	at cpw.mods.modlauncher.Launcher.main(Launcher.java:78) ~[modlauncher-10.0.9.jar:?]
	at cpw.mods.modlauncher.BootstrapLaunchConsumer.accept(BootstrapLaunchConsumer.java:26) ~[modlauncher-10.0.9.jar:?]
	at cpw.mods.modlauncher.BootstrapLaunchConsumer.accept(BootstrapLaunchConsumer.java:23) ~[modlauncher-10.0.9.jar:?]
	at cpw.mods.bootstraplauncher.BootstrapLauncher.main(BootstrapLauncher.java:141) ~[bootstraplauncher-1.1.2.jar:?]
[12:51:38] [Render thread/INFO]: Skipping loading recipe cyclic:compat/melter_blood_slimeblock as it's serializer returned null
[12:51:38] [Render thread/INFO]: Skipping loading recipe twilightforest:jeed/fire_resistance as it's serializer returned null
[12:51:38] [Render thread/WARN]: Using deprecated JSON key 'name' while parsing Recipe mysticalagradditions:tconstruct/casting/supremium/nugget_sand_cast, switch to current name of 'fluid'
[12:51:38] [Render thread/WARN]: Using deprecated JSON key 'name' while parsing Recipe mysticalagradditions:tconstruct/casting/soulium/ingot_gold_cast, switch to current name of 'fluid'
[12:51:38] [Render thread/WARN]: Using deprecated JSON key 'name' while parsing Recipe mysticalagradditions:tconstruct/casting/supremium/nugget_gold_cast, switch to current name of 'fluid'
[12:51:38] [Render thread/ERROR]: Error loading recipe cyclic:compat/melter_blood_slimeballs
com.google.gson.JsonSyntaxException: Unknown item 'tconstruct:blood_slime_ball'
	at net.minecraft.world.item.crafting.ShapedRecipe.m_151280_(ShapedRecipe.java:292) ~[client-1.20.1-20230612.114412-srg.jar%23242!/:?]
	at java.util.Optional.orElseThrow(Optional.java:403) ~[?:?]
	at net.minecraft.world.item.crafting.ShapedRecipe.m_151278_(ShapedRecipe.java:291) ~[client-1.20.1-20230612.114412-srg.jar%23242!/:?]
	at net.minecraft.world.item.crafting.Ingredient.m_43919_(Ingredient.java:219) ~[client-1.20.1-20230612.114412-srg.jar%23242!/:?]
	at net.minecraftforge.common.crafting.VanillaIngredientSerializer.parse(VanillaIngredientSerializer.java:27) ~[forge-1.20.1-47.4.10-universal.jar%23247!/:?]
	at net.minecraftforge.common.crafting.CraftingHelper.getIngredient(CraftingHelper.java:148) ~[forge-1.20.1-47.4.10-universal.jar%23247!/:?]
	at net.minecraft.world.item.crafting.Ingredient.m_288218_(Ingredient.java:194) ~[client-1.20.1-20230612.114412-srg.jar%23242!/:?]
	at net.minecraft.world.item.crafting.Ingredient.m_43917_(Ingredient.java:189) ~[client-1.20.1-20230612.114412-srg.jar%23242!/:?]
	at com.lothrazar.library.util.RecipeUtil.getIngredientsArray(RecipeUtil.java:57) ~[flib-1.20.1-0.0.16.jar%23216!/:1.20.1-0.0.16]
	at com.lothrazar.cyclic.block.melter.RecipeMelter$SerializeMelter.fromJson(RecipeMelter.java:130) ~[Cyclic-1.20.1-1.13.6.jar%23213!/:1.20.1-1.13.6]
	at com.lothrazar.cyclic.block.melter.RecipeMelter$SerializeMelter.m_6729_(RecipeMelter.java:119) ~[Cyclic-1.20.1-1.13.6.jar%23213!/:1.20.1-1.13.6]
	at net.minecraftforge.common.extensions.IForgeRecipeSerializer.fromJson(IForgeRecipeSerializer.java:23) ~[forge-1.20.1-47.4.10-universal.jar%23247!/:?]
	at net.minecraft.world.item.crafting.RecipeManager.fromJson(RecipeManager.java:171) ~[client-1.20.1-20230612.114412-srg.jar%23242!/:?]
	at net.minecraft.world.item.crafting.RecipeManager.m_5787_(RecipeManager.java:67) ~[client-1.20.1-20230612.114412-srg.jar%23242!/:?]
	at net.minecraft.world.item.crafting.RecipeManager.m_5787_(RecipeManager.java:34) ~[client-1.20.1-20230612.114412-srg.jar%23242!/:?]
	at net.minecraft.server.packs.resources.SimplePreparableReloadListener.m_10789_(SimplePreparableReloadListener.java:13) ~[client-1.20.1-20230612.114412-srg.jar%23242!/:?]
	at java.util.concurrent.CompletableFuture$UniAccept.tryFire(CompletableFuture.java:718) ~[?:?]
	at java.util.concurrent.CompletableFuture$Completion.run(CompletableFuture.java:482) ~[?:?]
	at net.minecraft.server.packs.resources.SimpleReloadInstance.m_143940_(SimpleReloadInstance.java:69) ~[client-1.20.1-20230612.114412-srg.jar%23242!/:?]
	at net.minecraft.util.thread.BlockableEventLoop.m_6367_(BlockableEventLoop.java:198) ~[client-1.20.1-20230612.114412-srg.jar%23242!/:?]
	at net.minecraft.util.thread.ReentrantBlockableEventLoop.m_6367_(ReentrantBlockableEventLoop.java:23) ~[client-1.20.1-20230612.114412-srg.jar%23242!/:?]
	at net.minecraft.util.thread.BlockableEventLoop.m_7245_(BlockableEventLoop.java:163) ~[client-1.20.1-20230612.114412-srg.jar%23242!/:?]
	at net.minecraft.util.thread.BlockableEventLoop.m_18701_(BlockableEventLoop.java:176) ~[client-1.20.1-20230612.114412-srg.jar%23242!/:?]
	at net.minecraft.client.gui.screens.worldselection.WorldOpenFlows.m_246486_(WorldOpenFlows.java:163) ~[client-1.20.1-20230612.114412-srg.jar%23242!/:?]
	at net.minecraft.client.gui.screens.worldselection.WorldOpenFlows.m_233122_(WorldOpenFlows.java:113) ~[client-1.20.1-20230612.114412-srg.jar%23242!/:?]
	at net.minecraft.client.gui.screens.worldselection.WorldOpenFlows.doLoadLevel(WorldOpenFlows.java:181) ~[client-1.20.1-20230612.114412-srg.jar%23242!/:?]
	at net.minecraft.client.gui.screens.worldselection.WorldOpenFlows.m_233145_(WorldOpenFlows.java:169) ~[client-1.20.1-20230612.114412-srg.jar%23242!/:?]
	at net.minecraft.client.gui.screens.worldselection.WorldOpenFlows.m_233133_(WorldOpenFlows.java:65) ~[client-1.20.1-20230612.114412-srg.jar%23242!/:?]
	at net.minecraft.client.gui.screens.worldselection.WorldSelectionList$WorldListEntry.m_101744_(WorldSelectionList.java:575) ~[client-1.20.1-20230612.114412-srg.jar%23242!/:?]
	at net.minecraft.client.gui.screens.worldselection.WorldSelectionList$WorldListEntry.m_101704_(WorldSelectionList.java:474) ~[client-1.20.1-20230612.114412-srg.jar%23242!/:?]
	at net.minecraft.client.gui.screens.worldselection.WorldSelectionList$WorldListEntry.m_6375_(WorldSelectionList.java:413) ~[client-1.20.1-20230612.114412-srg.jar%23242!/:?]
	at net.minecraft.client.gui.components.AbstractSelectionList.m_6375_(AbstractSelectionList.java:298) ~[client-1.20.1-20230612.114412-srg.jar%23242!/:?]
	at net.minecraft.client.gui.components.events.ContainerEventHandler.m_6375_(ContainerEventHandler.java:38) ~[client-1.20.1-20230612.114412-srg.jar%23242!/:?]
	at net.minecraft.client.MouseHandler.m_168084_(MouseHandler.java:92) ~[client-1.20.1-20230612.114412-srg.jar%23242!/:?]
	at net.minecraft.client.gui.screens.Screen.m_96579_(Screen.java:437) ~[client-1.20.1-20230612.114412-srg.jar%23242!/:?]
	at net.minecraft.client.MouseHandler.m_91530_(MouseHandler.java:89) ~[client-1.20.1-20230612.114412-srg.jar%23242!/:?]
	at net.minecraft.client.MouseHandler.m_168091_(MouseHandler.java:189) ~[client-1.20.1-20230612.114412-srg.jar%23242!/:?]
	at net.minecraft.util.thread.BlockableEventLoop.execute(BlockableEventLoop.java:118) ~[client-1.20.1-20230612.114412-srg.jar%23242!/:?]
	at net.minecraft.client.MouseHandler.m_91565_(MouseHandler.java:188) ~[client-1.20.1-20230612.114412-srg.jar%23242!/:?]
	at org.lwjgl.glfw.GLFWMouseButtonCallbackI.callback(GLFWMouseButtonCallbackI.java:43) ~[lwjgl-glfw-3.3.1.jar%23141!/:build 7]
	at org.lwjgl.system.JNI.invokeV(Native Method) ~[lwjgl-3.3.1.jar%23153!/:build 7]
	at org.lwjgl.glfw.GLFW.glfwPollEvents(GLFW.java:3403) ~[lwjgl-glfw-3.3.1.jar%23141!/:build 7]
	at com.mojang.blaze3d.systems.RenderSystem.pollEvents(RenderSystem.java:210) ~[client-1.20.1-20230612.114412-srg.jar%23242!/:?]
	at com.mojang.blaze3d.systems.RenderSystem.flipFrame(RenderSystem.java:221) ~[client-1.20.1-20230612.114412-srg.jar%23242!/:?]
	at com.mojang.blaze3d.platform.Window.m_85435_(Window.java:376) ~[client-1.20.1-20230612.114412-srg.jar%23242!/:?]
	at net.minecraft.client.Minecraft.m_91383_(Minecraft.java:1170) ~[client-1.20.1-20230612.114412-srg.jar%23242!/:?]
	at net.minecraft.client.Minecraft.m_91374_(Minecraft.java:718) ~[client-1.20.1-20230612.114412-srg.jar%23242!/:?]
	at net.minecraft.client.main.Main.main(Main.java:218) ~[Teste.jar:?]
	at jdk.internal.reflect.NativeMethodAccessorImpl.invoke0(Native Method) ~[?:?]
	at jdk.internal.reflect.NativeMethodAccessorImpl.invoke(NativeMethodAccessorImpl.java:77) ~[?:?]
	at jdk.internal.reflect.DelegatingMethodAccessorImpl.invoke(DelegatingMethodAccessorImpl.java:43) ~[?:?]
	at java.lang.reflect.Method.invoke(Method.java:569) ~[?:?]
	at net.minecraftforge.fml.loading.targets.CommonLaunchHandler.runTarget(CommonLaunchHandler.java:111) ~[fmlloader-1.20.1-47.4.10.jar:?]
	at net.minecraftforge.fml.loading.targets.CommonLaunchHandler.clientService(CommonLaunchHandler.java:99) ~[fmlloader-1.20.1-47.4.10.jar:?]
	at net.minecraftforge.fml.loading.targets.CommonClientLaunchHandler.lambda$makeService$0(CommonClientLaunchHandler.java:25) ~[fmlloader-1.20.1-47.4.10.jar:?]
	at cpw.mods.modlauncher.LaunchServiceHandlerDecorator.launch(LaunchServiceHandlerDecorator.java:30) ~[modlauncher-10.0.9.jar:?]
	at cpw.mods.modlauncher.LaunchServiceHandler.launch(LaunchServiceHandler.java:53) ~[modlauncher-10.0.9.jar:?]
	at cpw.mods.modlauncher.LaunchServiceHandler.launch(LaunchServiceHandler.java:71) ~[modlauncher-10.0.9.jar:?]
	at cpw.mods.modlauncher.Launcher.run(Launcher.java:108) ~[modlauncher-10.0.9.jar:?]
	at cpw.mods.modlauncher.Launcher.main(Launcher.java:78) ~[modlauncher-10.0.9.jar:?]
	at cpw.mods.modlauncher.BootstrapLaunchConsumer.accept(BootstrapLaunchConsumer.java:26) ~[modlauncher-10.0.9.jar:?]
	at cpw.mods.modlauncher.BootstrapLaunchConsumer.accept(BootstrapLaunchConsumer.java:23) ~[modlauncher-10.0.9.jar:?]
	at cpw.mods.bootstraplauncher.BootstrapLauncher.main(BootstrapLauncher.java:141) ~[bootstraplauncher-1.1.2.jar:?]
[12:51:38] [Render thread/INFO]: Skipping loading recipe cyclic:compat/melter_blood_slimeballs as it's serializer returned null
[12:51:38] [Render thread/INFO]: Skipping loading recipe twilightforest:jeed/frosted as it's serializer returned null
[12:51:38] [Render thread/WARN]: Using deprecated JSON key 'name' while parsing Recipe mysticalagradditions:tconstruct/casting/soulium/nugget_sand_cast, switch to current name of 'fluid'
[12:51:38] [Render thread/ERROR]: Error loading recipe cyclic:compat/melter_blood_slimeblock1
com.google.gson.JsonSyntaxException: Unknown item 'tconstruct:blood_slime'
	at net.minecraft.world.item.crafting.ShapedRecipe.m_151280_(ShapedRecipe.java:292) ~[client-1.20.1-20230612.114412-srg.jar%23242!/:?]
	at java.util.Optional.orElseThrow(Optional.java:403) ~[?:?]
	at net.minecraft.world.item.crafting.ShapedRecipe.m_151278_(ShapedRecipe.java:291) ~[client-1.20.1-20230612.114412-srg.jar%23242!/:?]
	at net.minecraft.world.item.crafting.Ingredient.m_43919_(Ingredient.java:219) ~[client-1.20.1-20230612.114412-srg.jar%23242!/:?]
	at net.minecraftforge.common.crafting.VanillaIngredientSerializer.parse(VanillaIngredientSerializer.java:27) ~[forge-1.20.1-47.4.10-universal.jar%23247!/:?]
	at net.minecraftforge.common.crafting.CraftingHelper.getIngredient(CraftingHelper.java:148) ~[forge-1.20.1-47.4.10-universal.jar%23247!/:?]
	at net.minecraft.world.item.crafting.Ingredient.m_288218_(Ingredient.java:194) ~[client-1.20.1-20230612.114412-srg.jar%23242!/:?]
	at net.minecraft.world.item.crafting.Ingredient.m_43917_(Ingredient.java:189) ~[client-1.20.1-20230612.114412-srg.jar%23242!/:?]
	at com.lothrazar.library.util.RecipeUtil.getIngredientsArray(RecipeUtil.java:57) ~[flib-1.20.1-0.0.16.jar%23216!/:1.20.1-0.0.16]
	at com.lothrazar.cyclic.block.melter.RecipeMelter$SerializeMelter.fromJson(RecipeMelter.java:130) ~[Cyclic-1.20.1-1.13.6.jar%23213!/:1.20.1-1.13.6]
	at com.lothrazar.cyclic.block.melter.RecipeMelter$SerializeMelter.m_6729_(RecipeMelter.java:119) ~[Cyclic-1.20.1-1.13.6.jar%23213!/:1.20.1-1.13.6]
	at net.minecraftforge.common.extensions.IForgeRecipeSerializer.fromJson(IForgeRecipeSerializer.java:23) ~[forge-1.20.1-47.4.10-universal.jar%23247!/:?]
	at net.minecraft.world.item.crafting.RecipeManager.fromJson(RecipeManager.java:171) ~[client-1.20.1-20230612.114412-srg.jar%23242!/:?]
	at net.minecraft.world.item.crafting.RecipeManager.m_5787_(RecipeManager.java:67) ~[client-1.20.1-20230612.114412-srg.jar%23242!/:?]
	at net.minecraft.world.item.crafting.RecipeManager.m_5787_(RecipeManager.java:34) ~[client-1.20.1-20230612.114412-srg.jar%23242!/:?]
	at net.minecraft.server.packs.resources.SimplePreparableReloadListener.m_10789_(SimplePreparableReloadListener.java:13) ~[client-1.20.1-20230612.114412-srg.jar%23242!/:?]
	at java.util.concurrent.CompletableFuture$UniAccept.tryFire(CompletableFuture.java:718) ~[?:?]
	at java.util.concurrent.CompletableFuture$Completion.run(CompletableFuture.java:482) ~[?:?]
	at net.minecraft.server.packs.resources.SimpleReloadInstance.m_143940_(SimpleReloadInstance.java:69) ~[client-1.20.1-20230612.114412-srg.jar%23242!/:?]
	at net.minecraft.util.thread.BlockableEventLoop.m_6367_(BlockableEventLoop.java:198) ~[client-1.20.1-20230612.114412-srg.jar%23242!/:?]
	at net.minecraft.util.thread.ReentrantBlockableEventLoop.m_6367_(ReentrantBlockableEventLoop.java:23) ~[client-1.20.1-20230612.114412-srg.jar%23242!/:?]
	at net.minecraft.util.thread.BlockableEventLoop.m_7245_(BlockableEventLoop.java:163) ~[client-1.20.1-20230612.114412-srg.jar%23242!/:?]
	at net.minecraft.util.thread.BlockableEventLoop.m_18701_(BlockableEventLoop.java:176) ~[client-1.20.1-20230612.114412-srg.jar%23242!/:?]
	at net.minecraft.client.gui.screens.worldselection.WorldOpenFlows.m_246486_(WorldOpenFlows.java:163) ~[client-1.20.1-20230612.114412-srg.jar%23242!/:?]
	at net.minecraft.client.gui.screens.worldselection.WorldOpenFlows.m_233122_(WorldOpenFlows.java:113) ~[client-1.20.1-20230612.114412-srg.jar%23242!/:?]
	at net.minecraft.client.gui.screens.worldselection.WorldOpenFlows.doLoadLevel(WorldOpenFlows.java:181) ~[client-1.20.1-20230612.114412-srg.jar%23242!/:?]
	at net.minecraft.client.gui.screens.worldselection.WorldOpenFlows.m_233145_(WorldOpenFlows.java:169) ~[client-1.20.1-20230612.114412-srg.jar%23242!/:?]
	at net.minecraft.client.gui.screens.worldselection.WorldOpenFlows.m_233133_(WorldOpenFlows.java:65) ~[client-1.20.1-20230612.114412-srg.jar%23242!/:?]
	at net.minecraft.client.gui.screens.worldselection.WorldSelectionList$WorldListEntry.m_101744_(WorldSelectionList.java:575) ~[client-1.20.1-20230612.114412-srg.jar%23242!/:?]
	at net.minecraft.client.gui.screens.worldselection.WorldSelectionList$WorldListEntry.m_101704_(WorldSelectionList.java:474) ~[client-1.20.1-20230612.114412-srg.jar%23242!/:?]
	at net.minecraft.client.gui.screens.worldselection.WorldSelectionList$WorldListEntry.m_6375_(WorldSelectionList.java:413) ~[client-1.20.1-20230612.114412-srg.jar%23242!/:?]
	at net.minecraft.client.gui.components.AbstractSelectionList.m_6375_(AbstractSelectionList.java:298) ~[client-1.20.1-20230612.114412-srg.jar%23242!/:?]
	at net.minecraft.client.gui.components.events.ContainerEventHandler.m_6375_(ContainerEventHandler.java:38) ~[client-1.20.1-20230612.114412-srg.jar%23242!/:?]
	at net.minecraft.client.MouseHandler.m_168084_(MouseHandler.java:92) ~[client-1.20.1-20230612.114412-srg.jar%23242!/:?]
	at net.minecraft.client.gui.screens.Screen.m_96579_(Screen.java:437) ~[client-1.20.1-20230612.114412-srg.jar%23242!/:?]
	at net.minecraft.client.MouseHandler.m_91530_(MouseHandler.java:89) ~[client-1.20.1-20230612.114412-srg.jar%23242!/:?]
	at net.minecraft.client.MouseHandler.m_168091_(MouseHandler.java:189) ~[client-1.20.1-20230612.114412-srg.jar%23242!/:?]
	at net.minecraft.util.thread.BlockableEventLoop.execute(BlockableEventLoop.java:118) ~[client-1.20.1-20230612.114412-srg.jar%23242!/:?]
	at net.minecraft.client.MouseHandler.m_91565_(MouseHandler.java:188) ~[client-1.20.1-20230612.114412-srg.jar%23242!/:?]
	at org.lwjgl.glfw.GLFWMouseButtonCallbackI.callback(GLFWMouseButtonCallbackI.java:43) ~[lwjgl-glfw-3.3.1.jar%23141!/:build 7]
	at org.lwjgl.system.JNI.invokeV(Native Method) ~[lwjgl-3.3.1.jar%23153!/:build 7]
	at org.lwjgl.glfw.GLFW.glfwPollEvents(GLFW.java:3403) ~[lwjgl-glfw-3.3.1.jar%23141!/:build 7]
	at com.mojang.blaze3d.systems.RenderSystem.pollEvents(RenderSystem.java:210) ~[client-1.20.1-20230612.114412-srg.jar%23242!/:?]
	at com.mojang.blaze3d.systems.RenderSystem.flipFrame(RenderSystem.java:221) ~[client-1.20.1-20230612.114412-srg.jar%23242!/:?]
	at com.mojang.blaze3d.platform.Window.m_85435_(Window.java:376) ~[client-1.20.1-20230612.114412-srg.jar%23242!/:?]
	at net.minecraft.client.Minecraft.m_91383_(Minecraft.java:1170) ~[client-1.20.1-20230612.114412-srg.jar%23242!/:?]
	at net.minecraft.client.Minecraft.m_91374_(Minecraft.java:718) ~[client-1.20.1-20230612.114412-srg.jar%23242!/:?]
	at net.minecraft.client.main.Main.main(Main.java:218) ~[Teste.jar:?]
	at jdk.internal.reflect.NativeMethodAccessorImpl.invoke0(Native Method) ~[?:?]
	at jdk.internal.reflect.NativeMethodAccessorImpl.invoke(NativeMethodAccessorImpl.java:77) ~[?:?]
	at jdk.internal.reflect.DelegatingMethodAccessorImpl.invoke(DelegatingMethodAccessorImpl.java:43) ~[?:?]
	at java.lang.reflect.Method.invoke(Method.java:569) ~[?:?]
	at net.minecraftforge.fml.loading.targets.CommonLaunchHandler.runTarget(CommonLaunchHandler.java:111) ~[fmlloader-1.20.1-47.4.10.jar:?]
	at net.minecraftforge.fml.loading.targets.CommonLaunchHandler.clientService(CommonLaunchHandler.java:99) ~[fmlloader-1.20.1-47.4.10.jar:?]
	at net.minecraftforge.fml.loading.targets.CommonClientLaunchHandler.lambda$makeService$0(CommonClientLaunchHandler.java:25) ~[fmlloader-1.20.1-47.4.10.jar:?]
	at cpw.mods.modlauncher.LaunchServiceHandlerDecorator.launch(LaunchServiceHandlerDecorator.java:30) ~[modlauncher-10.0.9.jar:?]
	at cpw.mods.modlauncher.LaunchServiceHandler.launch(LaunchServiceHandler.java:53) ~[modlauncher-10.0.9.jar:?]
	at cpw.mods.modlauncher.LaunchServiceHandler.launch(LaunchServiceHandler.java:71) ~[modlauncher-10.0.9.jar:?]
	at cpw.mods.modlauncher.Launcher.run(Launcher.java:108) ~[modlauncher-10.0.9.jar:?]
	at cpw.mods.modlauncher.Launcher.main(Launcher.java:78) ~[modlauncher-10.0.9.jar:?]
	at cpw.mods.modlauncher.BootstrapLaunchConsumer.accept(BootstrapLaunchConsumer.java:26) ~[modlauncher-10.0.9.jar:?]
	at cpw.mods.modlauncher.BootstrapLaunchConsumer.accept(BootstrapLaunchConsumer.java:23) ~[modlauncher-10.0.9.jar:?]
	at cpw.mods.bootstraplauncher.BootstrapLauncher.main(BootstrapLauncher.java:141) ~[bootstraplauncher-1.1.2.jar:?]
[12:51:38] [Render thread/INFO]: Skipping loading recipe cyclic:compat/melter_blood_slimeblock1 as it's serializer returned null
[12:51:38] [Render thread/WARN]: Using deprecated JSON key 'name' while parsing Recipe mysticalagradditions:tconstruct/casting/tertium/block, switch to current name of 'fluid'
[12:51:38] [Render thread/WARN]: Using deprecated JSON key 'name' while parsing Recipe mysticalagradditions:tconstruct/casting/supremium/ingot_sand_cast, switch to current name of 'fluid'
[12:51:38] [Render thread/WARN]: Using deprecated JSON key 'name' while parsing Recipe mysticalagradditions:tconstruct/casting/tertium/nugget_sand_cast, switch to current name of 'fluid'
[12:51:38] [Render thread/INFO]: Skipping loading recipe twilightforest:jeed/blindness as it's serializer returned null
[12:51:38] [Render thread/WARN]: Using deprecated JSON key 'name' while parsing Recipe mysticalagradditions:tconstruct/casting/tertium/ingot_sand_cast, switch to current name of 'fluid'
[12:51:38] [Render thread/WARN]: Using deprecated JSON key 'name' while parsing Recipe mysticalagradditions:tconstruct/casting/soulium/ingot_sand_cast, switch to current name of 'fluid'
[12:51:38] [Render thread/WARN]: Using deprecated JSON key 'name' while parsing Recipe mysticalagradditions:tconstruct/casting/imperium/block, switch to current name of 'fluid'
[12:51:38] [Render thread/WARN]: Using deprecated JSON key 'name' while parsing Recipe mysticalagradditions:tconstruct/casting/imperium/ingot_gold_cast, switch to current name of 'fluid'
[12:51:38] [Render thread/WARN]: Using deprecated JSON key 'name' while parsing Recipe mysticalagradditions:tconstruct/casting/prudentium/nugget_gold_cast, switch to current name of 'fluid'
[12:51:38] [Render thread/INFO]: Skipping loading recipe twilightforest:jeed/resistance as it's serializer returned null
[12:51:38] [Render thread/WARN]: Using deprecated JSON key 'name' while parsing Recipe mysticalagradditions:tconstruct/casting/imperium/ingot_sand_cast, switch to current name of 'fluid'
[12:51:38] [Render thread/WARN]: Using deprecated JSON key 'name' while parsing Recipe mysticalagradditions:tconstruct/tools/casting/soulium, switch to current name of 'fluid'
[12:51:38] [Render thread/WARN]: Using deprecated JSON key 'name' while parsing Recipe mysticalagradditions:tconstruct/casting/tertium/nugget_gold_cast, switch to current name of 'fluid'
[12:51:38] [Render thread/WARN]: Using deprecated JSON key 'name' while parsing Recipe mysticalagradditions:tconstruct/casting/prudentium/nugget_sand_cast, switch to current name of 'fluid'
[12:51:38] [Render thread/WARN]: Using deprecated JSON key 'name' while parsing Recipe mysticalagradditions:tconstruct/casting/supremium/block, switch to current name of 'fluid'
[12:51:38] [Render thread/WARN]: Using deprecated JSON key 'name' while parsing Recipe mysticalagradditions:tconstruct/casting/imperium/nugget_sand_cast, switch to current name of 'fluid'
[12:51:38] [Render thread/WARN]: Using deprecated JSON key 'name' while parsing Recipe mysticalagradditions:tconstruct/casting/soulium/nugget_gold_cast, switch to current name of 'fluid'
[12:51:38] [Render thread/WARN]: Using deprecated JSON key 'name' while parsing Recipe mysticalagradditions:tconstruct/casting/prudentium/block, switch to current name of 'fluid'
[12:51:38] [Render thread/INFO]: Skipping loading recipe twilightforest:jeed/slowness as it's serializer returned null
[12:51:38] [Render thread/INFO]: Loaded 133 recipes
[12:51:38] [Render thread/ERROR]: Parsing error loading custom advancement universecraft:please_subscribe: Expected item to be an item, was unknown string 'minecraft:redstone_wall_torch'
[12:51:38] [Render thread/INFO]: Loaded 7297 advancements
[12:51:38] [Render thread/INFO]: Loaded 9 Stalactite configs!
[12:51:38] [Render thread/INFO]: Loaded 92 materials in 12.5294 ms
[12:51:38] [Render thread/INFO]: Loaded 17 material tags for 72 materials in 9.4148 ms
[12:51:38] [Render thread/INFO]: 542 stats loaded for 92 materials in 18.4209 ms
[12:51:38] [Render thread/INFO]: 409 traits loaded for 92 materials in 17.5496 ms
[12:51:38] [Render thread/INFO]: Loaded 6 mob equipment replacements targeting 10 mobs in 7.2121 ms
[12:51:39] [Render thread/INFO]: Loaded 215 dynamic modifiers and 5 modifier redirects in 222.7478 ms
[12:51:39] [Render thread/INFO]: Loaded 48 modifier tags for 158 modifiers in 7.683 ms
[12:51:39] [Render thread/INFO]: Loaded 57 enchantment to modifier mappings in 2.2008 ms
[12:51:39] [Render thread/INFO]: Loaded 72 spilling fluids in 12.097 ms
[12:51:39] [Render thread/INFO]: Loaded 20 curio slots
[12:51:39] [Render thread/INFO]: Loaded 9 curio entities
[12:51:39] [Render thread/INFO]: Loaded 28 dynamic modifiers in 2.8372 ms
[12:51:39] [Render thread/INFO]: Loaded 44 tool definitions in 41.8191 ms
[12:51:39] [Render thread/INFO]: Loaded 23 station slot layouts in 7.3491 ms
[12:51:39] [Render thread/INFO]: Loaded 30 Loonium configurations
[12:51:50] [Render thread/INFO]: Considering file mekanism:pe_custom_conversions/defaults.json, ID mekanism:defaults
[12:51:50] [Render thread/INFO]: Considering file projecte:pe_custom_conversions/defaults.json, ID projecte:defaults
[12:51:50] [Render thread/INFO]: Considering file projecte:pe_custom_conversions/metals.json, ID projecte:metals
[12:51:51] [Render thread/WARN]: EMC Exploit: ingredients (0 + 1*Item: minecraft:cobblestone => 1*Item: minecraft:gravel) cost 1 but output value is 4
[12:51:51] [Render thread/WARN]: EMC Exploit: ingredients (0 + 1*Item: minecraft:sand => 1*Item: minecraft:gravel) cost 1 but output value is 4
[12:51:51] [Render thread/WARN]: EMC Exploit: ingredients (0 + 1*Item: minecraft:red_sand => 1*Item: minecraft:gravel) cost 1 but output value is 4
[12:51:51] [Render thread/WARN]: EMC Exploit: ingredients (0 + 1*Item: divinerpg:arcanite_sand => 1*Item: minecraft:gravel) cost 1 but output value is 4
[12:51:51] [Render thread/WARN]: EMC Exploit: ingredients (0 + 1*Item: minecraft:dead_brain_coral_fan + 600*Gas: mekanism:water_vapor => 1*Item: minecraft:brain_coral_fan) cost 1 but output value is 16
[12:51:51] [Render thread/WARN]: EMC Exploit: ingredients (0 + 1000*Gas: mekanism:water_vapor + 1*Item: minecraft:dead_horn_coral_block => 1*Item: minecraft:horn_coral_block) cost 4 but output value is 64
[12:51:51] [Render thread/WARN]: EMC Exploit: ingredients (0 + 9*Item: divinerpg:torridite_nugget => 1*Item: divinerpg:torridite_ingot) cost 1017 but output value is 1024
[12:51:51] [Render thread/WARN]: EMC Exploit: ingredients (0 + 1*Item: minecraft:flint => 1*Item: minecraft:gunpowder) cost 4 but output value is 192
[12:51:51] [Render thread/WARN]: EMC Exploit: ingredients (0 + 1*Item: mekanism:dust_sulfur => 1*Item: minecraft:gunpowder) cost 8 but output value is 192
[12:51:51] [Render thread/WARN]: EMC Exploit: ingredients (0 + 600*Gas: mekanism:water_vapor + 1*Item: minecraft:dead_tube_coral_fan => 1*Item: minecraft:tube_coral_fan) cost 1 but output value is 16
[12:51:51] [Render thread/WARN]: EMC Exploit: "0 + 9*Item: mekanism:nugget_osmium => 1*Item: mekanism:ingot_osmium" ingredient cost: 504 value of result: 512 setValueFromConversion: 0 + 2*Item Tag: forge:ingots/iron => 1*Item: mekanism:ingot_osmium
[12:51:51] [Render thread/WARN]: EMC Exploit: "0 + 9*NSSFAKE:craftingMapper/53 => 1*Item: minecraft:copper_ingot" ingredient cost: 126 value of result: 128 setValueFromConversion: 0 + 1*Item Tag: forge:ingots/iron => 2*Item: minecraft:copper_ingot
[12:51:51] [Render thread/WARN]: EMC Exploit: "0 + 8*NSSFAKE:craftingMapper/53 + 1*Item: immersiveengineering:nugget_copper => 1*Item: minecraft:copper_ingot" ingredient cost: 126 value of result: 128 setValueFromConversion: 0 + 1*Item Tag: forge:ingots/iron => 2*Item: minecraft:copper_ingot
[12:51:51] [Render thread/WARN]: EMC Exploit: "0 + 8*NSSFAKE:craftingMapper/53 + 1*Item: tconstruct:copper_nugget => 1*Item: minecraft:copper_ingot" ingredient cost: 126 value of result: 128 setValueFromConversion: 0 + 1*Item Tag: forge:ingots/iron => 2*Item: minecraft:copper_ingot
[12:51:51] [Render thread/WARN]: EMC Exploit: ingredients (0 + 1*Item: minecraft:cobweb => 9*Item: minecraft:string) cost 12 but output value is 12
[12:51:51] [Render thread/WARN]: EMC Exploit: ingredients (0 + 9*Item: divinerpg:realmite_nugget => 1*Item: divinerpg:realmite_ingot) cost 378 but output value is 384
[12:51:51] [Render thread/WARN]: EMC Exploit: "0 + 9*Item: immersiveengineering:nugget_silver => 1*Item: immersiveengineering:ingot_silver" ingredient cost: 504 value of result: 512 setValueFromConversion: 0 + 2*Item Tag: forge:ingots/iron => 1*Item: immersiveengineering:ingot_silver
[12:51:51] [Render thread/WARN]: EMC Exploit: ingredients (0 + 1*Item: minecraft:dead_fire_coral_block + 1000*Gas: mekanism:water_vapor => 1*Item: minecraft:fire_coral_block) cost 4 but output value is 64
[12:51:51] [Render thread/WARN]: EMC Exploit: ingredients (0 + 1*Item: minecraft:clay + 40*Infuse Type: mekanism:bio => 4*Item: minecraft:slime_ball) cost 13 / 5 but output value is 32
[12:51:51] [Render thread/WARN]: EMC Exploit: ingredients (0 + 1*Item: minecraft:clay_ball + 10*Infuse Type: mekanism:bio => 1*Item: minecraft:slime_ball) cost 82 / 5 but output value is 32
[12:51:51] [Render thread/WARN]: EMC Exploit: "0 + 9*Item: immersiveengineering:nugget_nickel => 1*Item: immersiveengineering:ingot_nickel" ingredient cost: 1017 value of result: 1024 setValueFromConversion: 0 + 4*Item Tag: forge:ingots/iron => 1*Item: immersiveengineering:ingot_nickel
[12:51:51] [Render thread/WARN]: EMC Exploit: ingredients (0 + 8*NSSFAKE:craftingMapper/249 + 1*Item: mekanism:nugget_uranium => 1*Item: mekanism:ingot_uranium) cost 4095 but output value is 4096
[12:51:51] [Render thread/WARN]: EMC Exploit: ingredients (0 + 600*Gas: mekanism:water_vapor + 1*Item: minecraft:dead_horn_coral => 1*Item: minecraft:horn_coral) cost 1 but output value is 16
[12:51:51] [Render thread/WARN]: EMC Exploit: ingredients (0 + 1*Item: minecraft:dead_fire_coral_fan + 600*Gas: mekanism:water_vapor => 1*Item: minecraft:fire_coral_fan) cost 1 but output value is 16
[12:51:51] [Render thread/WARN]: EMC Exploit: ingredients (0 + 1*Item: minecraft:dead_bubble_coral + 600*Gas: mekanism:water_vapor => 1*Item: minecraft:bubble_coral) cost 1 but output value is 16
[12:51:51] [Render thread/WARN]: EMC Exploit: ingredients (0 + 8*NSSFAKE:craftingMapper/249 + 1*Item: immersiveengineering:nugget_uranium => 1*Item: immersiveengineering:ingot_uranium) cost 4095 but output value is 4096
[12:51:51] [Render thread/WARN]: EMC Exploit: ingredients (0 + 1000*Gas: mekanism:water_vapor + 1*Item: minecraft:dead_brain_coral_block => 1*Item: minecraft:brain_coral_block) cost 4 but output value is 64
[12:51:51] [Render thread/WARN]: EMC Exploit: ingredients (0 + 600*Gas: mekanism:water_vapor + 1*Item: minecraft:dead_bubble_coral_fan => 1*Item: minecraft:bubble_coral_fan) cost 1 but output value is 16
[12:51:51] [Render thread/WARN]: EMC Exploit: ingredients (0 + 1*Item: minecraft:clay => 4*Item: minecraft:clay_ball) cost 1 but output value is 16
[12:51:51] [Render thread/WARN]: EMC Exploit: ingredients (0 + 1000*Gas: mekanism:water_vapor + 1*Item: minecraft:dead_bubble_coral_block => 1*Item: minecraft:bubble_coral_block) cost 4 but output value is 64
[12:51:51] [Render thread/WARN]: EMC Exploit: "0 + 9*Item: immersiveengineering:nugget_aluminum => 1*Item: immersiveengineering:ingot_aluminum" ingredient cost: 126 value of result: 128 setValueFromConversion: 0 + 1*Item Tag: forge:ingots/iron => 2*Item: immersiveengineering:ingot_aluminum
[12:51:51] [Render thread/WARN]: EMC Exploit: ingredients (0 + 600*Gas: mekanism:water_vapor + 1*Item: minecraft:dead_brain_coral => 1*Item: minecraft:brain_coral) cost 1 but output value is 16
[12:51:51] [Render thread/WARN]: EMC Exploit: ingredients (0 + 1000*Gas: mekanism:water_vapor + 1*Item: minecraft:dead_tube_coral_block => 1*Item: minecraft:tube_coral_block) cost 4 but output value is 64
[12:51:51] [Render thread/WARN]: EMC Exploit: ingredients (0 + 1*Item: minecraft:dead_fire_coral + 600*Gas: mekanism:water_vapor => 1*Item: minecraft:fire_coral) cost 1 but output value is 16
[12:51:51] [Render thread/WARN]: EMC Exploit: "0 + 1*Item: mekanism:nugget_lead + 8*NSSFAKE:craftingMapper/241 => 1*Item: mekanism:ingot_lead" ingredient cost: 504 value of result: 512 setValueFromConversion: 0 + 2*Item Tag: forge:ingots/iron => 1*Item: mekanism:ingot_lead
[12:51:51] [Render thread/WARN]: EMC Exploit: ingredients (0 + 600*Gas: mekanism:water_vapor + 1*Item: minecraft:dead_tube_coral => 1*Item: minecraft:tube_coral) cost 1 but output value is 16
[12:51:51] [Render thread/WARN]: EMC Exploit: ingredients (0 + 9*Item: minecraft:disc_fragment_5 => 1*Item: minecraft:music_disc_5) cost 2043 but output value is 2048
[12:51:51] [Render thread/WARN]: EMC Exploit: "0 + 8*NSSFAKE:craftingMapper/241 + 1*Item: immersiveengineering:nugget_lead => 1*Item: immersiveengineering:ingot_lead" ingredient cost: 504 value of result: 512 setValueFromConversion: 0 + 2*Item Tag: forge:ingots/iron => 1*Item: immersiveengineering:ingot_lead
[12:51:51] [Render thread/WARN]: EMC Exploit: "0 + 9*Item: mekanism:nugget_tin => 1*Item: mekanism:ingot_tin" ingredient cost: 252 value of result: 256 setValueFromConversion: 0 + 1*Item Tag: forge:ingots/iron => 1*Item: mekanism:ingot_tin
[12:51:51] [Render thread/WARN]: EMC Exploit: "0 + 9*Item: minecraft:gold_nugget => 1*Item: minecraft:gold_ingot" ingredient cost: 2043 value of result: 2048 setValueFromConversion: 0 + 8*Item Tag: forge:ingots/iron => 1*Item: minecraft:gold_ingot
[12:51:51] [Render thread/WARN]: EMC Exploit: ingredients (0 + 1*Item: minecraft:dead_horn_coral_fan + 600*Gas: mekanism:water_vapor => 1*Item: minecraft:horn_coral_fan) cost 1 but output value is 16
[12:51:51] [Render thread/WARN]: EMC Exploit: ingredients (0 + 9*Item: minecraft:iron_nugget => 1*Item: minecraft:iron_ingot) cost 252 but output value is 256
[12:51:51] [Render thread/WARN]: EMC Exploit: "0 + 9*Item: mekanism:nugget_bronze => 1*Item: mekanism:ingot_bronze" ingredient cost: 153 value of result: 160 setValueFromConversion: 0 + 3*Item Tag: forge:ingots/copper + 1*Item Tag: forge:ingots/tin => 4*Item: mekanism:ingot_bronze
[12:51:51] [Render thread/WARN]: EMC Exploit: "0 + 1*Item: mekanism:dust_bronze => 1*Item: mekanism:ingot_bronze" ingredient cost: 103 value of result: 160 setValueFromConversion: 0 + 3*Item Tag: forge:ingots/copper + 1*Item Tag: forge:ingots/tin => 4*Item: mekanism:ingot_bronze
[12:51:51] [Render thread/WARN]: EMC Exploit: "0 + 3*Item: minecraft:copper_ingot + 10*Infuse Type: mekanism:tin => 4*Item: mekanism:ingot_bronze" ingredient cost: 414 value of result: 160 setValueFromConversion: 0 + 3*Item Tag: forge:ingots/copper + 1*Item Tag: forge:ingots/tin => 4*Item: mekanism:ingot_bronze
[12:51:51] [Render thread/WARN]: EMC Exploit: ingredients (0 + 1*Item: minecraft:cobblestone + 1*Item: minecraft:diorite => 2*Item: minecraft:andesite) cost 17 but output value is 16
[12:51:51] [Render thread/WARN]: EMC Exploit: ingredients (0 + 9*Item: tconstruct:debris_nugget => 1*Item: minecraft:netherite_scrap) cost 12285 but output value is 12288
[12:51:51] [Render thread/INFO]: Registered 4757 EMC values. (took 1283 ms)
[12:51:51] [Render thread/INFO]: Loaded cucumber-tags.json in 2 ms
[12:51:51] [Render thread/INFO]: Recipe ingredient caching done in 1 ms
[12:51:51] [Render thread/INFO]: Released client Flux Networks cache
[12:51:52] [Server thread/INFO]: Starting integrated minecraft server version 1.20.1
[12:51:52] [Server thread/INFO]: Generating keypair
[12:51:52] [Server thread/INFO]: Energy blacklist loaded: 1 block entries, 0 item entries
[12:51:58] [Server thread/INFO]: Preparing start region for dimension minecraft:overworld
[12:52:05] [Render thread/INFO]: A preparar a área de nascimento: 0%
[12:52:05] [Render thread/INFO]: A preparar a área de nascimento: 0%
[12:52:06] [Render thread/INFO]: A preparar a área de nascimento: 0%
[12:52:06] [Render thread/INFO]: A preparar a área de nascimento: 0%
[12:52:06] [Render thread/INFO]: A preparar a área de nascimento: 0%
[12:52:06] [Render thread/INFO]: A preparar a área de nascimento: 0%
[12:52:06] [Render thread/INFO]: A preparar a área de nascimento: 0%
[12:52:06] [Render thread/INFO]: A preparar a área de nascimento: 0%
[12:52:06] [Render thread/INFO]: A preparar a área de nascimento: 0%
[12:52:06] [Render thread/INFO]: A preparar a área de nascimento: 0%
[12:52:06] [Render thread/INFO]: A preparar a área de nascimento: 0%
[12:52:06] [Render thread/INFO]: A preparar a área de nascimento: 0%
[12:52:06] [Render thread/INFO]: A preparar a área de nascimento: 0%
[12:52:06] [Render thread/INFO]: A preparar a área de nascimento: 0%
[12:52:06] [Render thread/INFO]: A preparar a área de nascimento: 0%
[12:52:06] [Render thread/INFO]: A preparar a área de nascimento: 0%
[12:52:06] [Render thread/INFO]: A preparar a área de nascimento: 0%
[12:52:07] [Render thread/INFO]: A preparar a área de nascimento: 9%
[12:52:08] [Render thread/INFO]: A preparar a área de nascimento: 12%
[12:52:08] [Render thread/INFO]: Time elapsed: 9966 ms
[12:52:08] [Server thread/INFO]: Successfully initialized permission handler forge:default_handler
[12:52:08] [Server thread/INFO]: Sending reload packet to clients
[12:52:09] [Server thread/INFO]: Couldn't fully analyze 1 supremium_helmet, missing knowledge for {1 imperium_helmet=1.0}
[12:52:09] [Server thread/INFO]: Couldn't fully analyze 1 supremium_axe, missing knowledge for {1 imperium_axe=1.0}
[12:52:09] [Server thread/INFO]: Couldn't fully analyze 1 imperium_hoe, missing knowledge for {1 tertium_hoe=1.0}
[12:52:09] [Server thread/INFO]: Couldn't fully analyze 1 inferium_chestplate, missing knowledge for {1 diamond_chestplate=1.0}
[12:52:09] [Server thread/INFO]: Couldn't fully analyze 1 imperium_shovel, missing knowledge for {1 tertium_shovel=1.0}
[12:52:09] [Server thread/INFO]: Couldn't fully analyze 1 imperium_helmet, missing knowledge for {1 tertium_helmet=1.0}
[12:52:09] [Server thread/INFO]: Couldn't fully analyze 1 imperium_axe, missing knowledge for {1 tertium_axe=1.0}
[12:52:09] [Server thread/INFO]: Couldn't fully analyze 1 inferium_helmet, missing knowledge for {1 diamond_helmet=1.0}
[12:52:09] [Server thread/INFO]: Couldn't fully analyze 1 flaming_fury, missing knowledge for {1 inferno_sword=6.0}
[12:52:09] [Server thread/INFO]: Couldn't fully analyze 1 tertium_boots, missing knowledge for {1 prudentium_boots=1.0}
[12:52:09] [Server thread/INFO]: Couldn't fully analyze 1 tertium_shovel, missing knowledge for {1 prudentium_shovel=1.0}
[12:52:09] [Server thread/INFO]: Couldn't fully analyze 1 inferium_leggings, missing knowledge for {1 diamond_leggings=1.0}
[12:52:09] [Server thread/INFO]: Couldn't fully analyze 1 supremium_chestplate, missing knowledge for {1 imperium_chestplate=1.0}
[12:52:09] [Server thread/INFO]: Couldn't fully analyze 1 inferium_shovel, missing knowledge for {1 diamond_shovel=1.0}
[12:52:09] [Server thread/INFO]: Couldn't fully analyze 1 tertium_axe, missing knowledge for {1 prudentium_axe=1.0}
[12:52:09] [Server thread/INFO]: Couldn't fully analyze 1 prudentium_pickaxe, missing knowledge for {1 inferium_pickaxe=1.0}
[12:52:09] [Server thread/INFO]: Couldn't fully analyze 1 imperium_boots, missing knowledge for {1 tertium_boots=1.0}
[12:52:09] [Server thread/INFO]: Couldn't fully analyze 1 tertium_chestplate, missing knowledge for {1 prudentium_chestplate=1.0}
[12:52:09] [Server thread/INFO]: Couldn't fully analyze 1 prudentium_scythe, missing knowledge for {1 inferium_scythe=1.0}
[12:52:09] [Server thread/INFO]: Couldn't fully analyze 1 tertium_scythe, missing knowledge for {1 prudentium_scythe=1.0}
[12:52:09] [Server thread/INFO]: Couldn't fully analyze 1 imperium_pickaxe, missing knowledge for {1 tertium_pickaxe=1.0}
[12:52:09] [Server thread/INFO]: Couldn't fully analyze 1 prudentium_axe, missing knowledge for {1 inferium_axe=1.0}
[12:52:09] [Server thread/INFO]: Couldn't fully analyze 1 tertium_leggings, missing knowledge for {1 prudentium_leggings=1.0}
[12:52:09] [Server thread/INFO]: Couldn't fully analyze 1 supremium_sickle, missing knowledge for {1 imperium_sickle=1.0}
[12:52:09] [Server thread/INFO]: Couldn't fully analyze 1 tertium_sword, missing knowledge for {1 prudentium_sword=1.0}
[12:52:09] [Server thread/INFO]: Couldn't fully analyze 1 supremium_pickaxe, missing knowledge for {1 imperium_pickaxe=1.0}
[12:52:09] [Server thread/INFO]: Couldn't fully analyze 1 prudentium_hoe, missing knowledge for {1 inferium_hoe=1.0}
[12:52:09] [Server thread/INFO]: Couldn't fully analyze 1 imperium_sickle, missing knowledge for {1 tertium_sickle=1.0}
[12:52:09] [Server thread/INFO]: Couldn't fully analyze 1 tertium_sickle, missing knowledge for {1 prudentium_sickle=1.0}
[12:52:09] [Server thread/INFO]: Couldn't fully analyze 1 prudentium_sickle, missing knowledge for {1 inferium_sickle=1.0}
[12:52:09] [Server thread/INFO]: Couldn't fully analyze 1 prudentium_helmet, missing knowledge for {1 inferium_helmet=1.0}
[12:52:09] [Server thread/INFO]: Couldn't fully analyze 1 inferium_pickaxe, missing knowledge for {1 diamond_pickaxe=1.0}
[12:52:09] [Server thread/INFO]: Couldn't fully analyze 1 inferium_axe, missing knowledge for {1 diamond_axe=1.0}
[12:52:09] [Server thread/INFO]: Couldn't fully analyze 1 prudentium_shovel, missing knowledge for {1 inferium_shovel=1.0}
[12:52:09] [Server thread/INFO]: Couldn't fully analyze 1 free_runners_armored, missing knowledge for {1 free_runners=1.0}
[12:52:09] [Server thread/INFO]: Couldn't fully analyze 1 imperium_chestplate, missing knowledge for {1 tertium_chestplate=1.0}
[12:52:09] [Server thread/INFO]: Couldn't fully analyze 1 tertium_pickaxe, missing knowledge for {1 prudentium_pickaxe=1.0}
[12:52:09] [Server thread/INFO]: Couldn't fully analyze 1 supremium_hoe, missing knowledge for {1 imperium_hoe=1.0}
[12:52:09] [Server thread/INFO]: Couldn't fully analyze 1 tertium_hoe, missing knowledge for {1 prudentium_hoe=1.0}
[12:52:09] [Server thread/INFO]: Couldn't fully analyze 1 inferium_sickle, missing knowledge for {1 diamond_sickle=1.0}
[12:52:09] [Server thread/INFO]: Couldn't fully analyze 1 imperium_sword, missing knowledge for {1 tertium_sword=1.0}
[12:52:09] [Server thread/INFO]: Couldn't fully analyze 1 supremium_leggings, missing knowledge for {1 imperium_leggings=1.0}
[12:52:09] [Server thread/INFO]: Couldn't fully analyze 1 inferium_boots, missing knowledge for {1 diamond_boots=1.0}
[12:52:09] [Server thread/INFO]: Couldn't fully analyze 1 tertium_helmet, missing knowledge for {1 prudentium_helmet=1.0}
[12:52:09] [Server thread/INFO]: Couldn't fully analyze 1 supremium_sword, missing knowledge for {1 imperium_sword=1.0}
[12:52:09] [Server thread/INFO]: Couldn't fully analyze 1 inferium_sword, missing knowledge for {1 diamond_sword=1.0}
[12:52:09] [Server thread/INFO]: Couldn't fully analyze 1 imperium_scythe, missing knowledge for {1 tertium_scythe=1.0}
[12:52:09] [Server thread/INFO]: Couldn't fully analyze 1 prudentium_sword, missing knowledge for {1 inferium_sword=1.0}
[12:52:09] [Server thread/INFO]: Couldn't fully analyze 1 prudentium_chestplate, missing knowledge for {1 inferium_chestplate=1.0}
[12:52:09] [Server thread/INFO]: Couldn't fully analyze 1 supremium_boots, missing knowledge for {1 imperium_boots=1.0}
[12:52:09] [Server thread/INFO]: Couldn't fully analyze 1 inferium_hoe, missing knowledge for {1 diamond_hoe=1.0}
[12:52:09] [Server thread/INFO]: Couldn't fully analyze 1 supremium_shovel, missing knowledge for {1 imperium_shovel=1.0}
[12:52:09] [Server thread/INFO]: Couldn't fully analyze 1 inferium_scythe, missing knowledge for {1 diamond_scythe=1.0}
[12:52:09] [Server thread/INFO]: Couldn't fully analyze 1 supremium_scythe, missing knowledge for {1 imperium_scythe=1.0}
[12:52:09] [Server thread/INFO]: Couldn't fully analyze 1 imperium_leggings, missing knowledge for {1 tertium_leggings=1.0}
[12:52:09] [Server thread/INFO]: Couldn't fully analyze 1 prudentium_leggings, missing knowledge for {1 inferium_leggings=1.0}
[12:52:09] [Server thread/INFO]: Couldn't fully analyze 1 prudentium_boots, missing knowledge for {1 inferium_boots=1.0}
[12:52:09] [Server thread/INFO]: Finished recipe profiler for Arc Recycling, took 292 milliseconds
[12:52:09] [Server thread/INFO]: Changing view distance to 3, from 10
[12:52:09] [Server thread/INFO]: Changing simulation distance to 5, from 0
[12:52:09] [Render thread/WARN]: Unable to parse the boolean system property 'java.net.preferIPv6Addresses':system - using the default value: false
[12:52:13] [Netty Local Client IO #0/INFO]: Connected to a modded server.
[12:52:14] [Server thread/INFO]: alexsteam08[local:E:9fa33451] logged in with entity id 163 at (-4295.527863358671, 5.921599998474121, -1066.7355895596777)
[12:52:14] [Render thread/INFO]: Fullscreen map required item set to nothing.
[12:52:14] [Render thread/INFO]: New world map session initialized!
[12:52:14] [Server thread/INFO]: alexsteam08 entrou no jogo
[12:52:14] [Render thread/INFO]: Minimap required item set to nothing.
[12:52:14] [Render thread/INFO]: New Xaero hud session initialized!
[12:52:15] [Server thread/INFO]: Syncing config to alexsteam08 (95fadc64-a854-11ef-9c52-9c6b00470e68)
[12:52:15] [Render thread/INFO]: Started 1 worker threads
[12:52:15] [Render thread/WARN]: Unknown recipe category: divinerpg:arcanium_extractor/divinerpg:arcanium_extractor/arcanium
[12:52:15] [Render thread/WARN]: Unknown recipe category: divinerpg:arcanium_extractor/divinerpg:arcanium_extractor/arcanite_sand
[12:52:15] [Render thread/WARN]: Unknown recipe category: divinerpg:arcanium_extractor/divinerpg:arcanium_extractor/piece_of_raw_arcanium
[12:52:15] [Render thread/WARN]: Unknown recipe category: ae2:charger/ae2:charger/meteorite_compass
[12:52:15] [Render thread/WARN]: Unknown recipe category: ae2:charger/ae2:charger/charged_certus_quartz_crystal
[12:52:15] [Render thread/WARN]: Unknown recipe category: ae2:charger/ae2:charger/guide
[12:52:22] [Render thread/INFO]: Starting JEI...
[12:52:22] [Render thread/INFO]: Configuring JEI...
[12:52:22] [Render thread/INFO]: Configuring JEI took 7.991 milliseconds
[12:52:22] [Render thread/INFO]: Registering item subtypes...
[12:52:22] [Render thread/INFO]: Registering item subtypes: jei:minecraft took 11.72 milliseconds
[12:52:22] [Render thread/INFO]: Registering item subtypes: sophisticatedbackpacks:default took 13.06 milliseconds
[12:52:22] [Render thread/INFO]: Registering item subtypes: tconstruct:jei_plugin took 19.34 milliseconds
[12:52:22] [Render thread/INFO]: Registering item subtypes: mekanism:jei_plugin took 13.22 milliseconds
[12:52:22] [Render thread/INFO]: Registering item subtypes took 66.46 milliseconds
[12:52:22] [Render thread/INFO]: Registering fluid subtypes...
[12:52:22] [Render thread/INFO]: Registering fluid subtypes took 5.200 milliseconds
[12:52:22] [Render thread/INFO]: Registering ingredients...
[12:52:24] [Server thread/WARN]: Can't keep up! Is the server overloaded? Running 10856ms or 217 ticks behind
[12:52:32] [pool-16-thread-1/ERROR]: Registering ingredients: jei:minecraft is running and has taken 9.460 seconds so far
[12:52:33] [pool-16-thread-1/ERROR]: Registering ingredients: jei:minecraft is running and has taken 11.00 seconds so far
[12:52:36] [Render thread/INFO]: Registering ingredients: jei:minecraft took 14.13 seconds
[12:52:36] [Render thread/INFO]: Registering ingredients: twilightforest:jei_plugin took 24.28 milliseconds
[12:52:36] [Render thread/INFO]: Registering ingredients: tconstruct:jei_plugin took 53.02 milliseconds
[12:52:36] [Render thread/INFO]: Registering ingredients took 14.22 seconds
[12:52:36] [Render thread/INFO]: Registering extra ingredients...
[12:52:36] [Render thread/INFO]: Registering extra ingredients took 5.815 milliseconds
[12:52:36] [Render thread/INFO]: Registering search ingredient aliases...
[12:52:36] [Render thread/INFO]: Registering search ingredient aliases took 786.4 microseconds
[12:52:37] [Render thread/INFO]: Registering Mod Info...
[12:52:37] [Render thread/INFO]: Registering Mod Info took 543.2 microseconds
[12:52:37] [Render thread/INFO]: Registering categories...
[12:52:37] [Render thread/INFO]: Registering categories: jei:minecraft took 35.29 milliseconds
[12:52:37] [Render thread/INFO]: Registering categories: aether:jei took 33.79 milliseconds
[12:52:37] [Render thread/WARN]: Failed loading villager cartographer registered at cartographer
[12:52:37] [Render thread/WARN]: Exception caught when registering villager
java.lang.NullPointerException: Cannot invoke "net.minecraft.world.entity.Entity.m_9236_()" because "p_219708_" is null
	at net.minecraft.world.entity.npc.VillagerTrades$TreasureMapForEmeralds.m_213663_(VillagerTrades.java:378) ~[client-1.20.1-20230612.114412-srg.jar%23242!/:?]
	at jeresources.collection.TradeList.addMerchantRecipe(TradeList.java:58) ~[JustEnoughResources-1.20.1-1.4.0.247.jar%23223!/:1.4.0.247]
	at jeresources.collection.TradeList.addITradeList(TradeList.java:69) ~[JustEnoughResources-1.20.1-1.4.0.247.jar%23223!/:1.4.0.247]
	at jeresources.entry.AbstractVillagerEntry.addITradeLists(AbstractVillagerEntry.java:29) ~[JustEnoughResources-1.20.1-1.4.0.247.jar%23223!/:1.4.0.247]
	at jeresources.entry.AbstractVillagerEntry.<init>(AbstractVillagerEntry.java:22) ~[JustEnoughResources-1.20.1-1.4.0.247.jar%23223!/:1.4.0.247]
	at jeresources.entry.VillagerEntry.<init>(VillagerEntry.java:19) ~[JustEnoughResources-1.20.1-1.4.0.247.jar%23223!/:1.4.0.247]
	at jeresources.util.VillagersHelper.initRegistry(VillagersHelper.java:23) ~[JustEnoughResources-1.20.1-1.4.0.247.jar%23223!/:1.4.0.247]
	at jeresources.compatibility.Compatibility.init(Compatibility.java:33) ~[JustEnoughResources-1.20.1-1.4.0.247.jar%23223!/:1.4.0.247]
	at jeresources.proxy.CommonProxy.initCompatibility(CommonProxy.java:14) ~[JustEnoughResources-1.20.1-1.4.0.247.jar%23223!/:1.4.0.247]
	at jeresources.jei.JEIConfig.registerCategories(JEIConfig.java:98) ~[JustEnoughResources-1.20.1-1.4.0.247.jar%23223!/:1.4.0.247]
	at mezz.jei.library.load.PluginLoader.lambda$createRecipeCategories$7(PluginLoader.java:142) ~[jei-1.20.1-forge-15.48.0.179.jar%23222!/:15.48.0.179]
	at mezz.jei.library.load.PluginCaller.callOnPlugins(PluginCaller.java:26) ~[jei-1.20.1-forge-15.48.0.179.jar%23222!/:15.48.0.179]
	at mezz.jei.library.load.PluginLoader.createRecipeCategories(PluginLoader.java:142) ~[jei-1.20.1-forge-15.48.0.179.jar%23222!/:15.48.0.179]
	at mezz.jei.library.load.PluginLoader.createRecipeManager(PluginLoader.java:188) ~[jei-1.20.1-forge-15.48.0.179.jar%23222!/:15.48.0.179]
	at mezz.jei.library.startup.JeiStarter.start(JeiStarter.java:150) ~[jei-1.20.1-forge-15.48.0.179.jar%23222!/:15.48.0.179]
	at mezz.jei.forge.startup.StartEventObserver.transitionState(StartEventObserver.java:201) ~[jei-1.20.1-forge-15.48.0.179.jar%23222!/:15.48.0.179]
	at mezz.jei.forge.startup.StartEventObserver.startIfReady(StartEventObserver.java:115) ~[jei-1.20.1-forge-15.48.0.179.jar%23222!/:15.48.0.179]
	at mezz.jei.forge.startup.StartEventObserver.onRecipesUpdatedEvent(StartEventObserver.java:104) ~[jei-1.20.1-forge-15.48.0.179.jar%23222!/:15.48.0.179]
	at net.minecraftforge.eventbus.EventBus.doCastFilter(EventBus.java:260) ~[eventbus-6.0.5.jar%2387!/:?]
	at net.minecraftforge.eventbus.EventBus.lambda$addListener$11(EventBus.java:252) ~[eventbus-6.0.5.jar%2387!/:?]
	at net.minecraftforge.eventbus.EventBus.post(EventBus.java:315) ~[eventbus-6.0.5.jar%2387!/:?]
	at net.minecraftforge.eventbus.EventBus.post(EventBus.java:296) ~[eventbus-6.0.5.jar%2387!/:?]
	at net.minecraftforge.client.ForgeHooksClient.onRecipesUpdated(ForgeHooksClient.java:718) ~[forge-1.20.1-47.4.10-universal.jar%23247!/:?]
	at net.minecraft.client.multiplayer.ClientPacketListener.m_6327_(ClientPacketListener.java:1354) ~[client-1.20.1-20230612.114412-srg.jar%23242!/:?]
	at net.minecraft.network.protocol.game.ClientboundUpdateRecipesPacket.m_5797_(ClientboundUpdateRecipesPacket.java:32) ~[client-1.20.1-20230612.114412-srg.jar%23242!/:?]
	at net.minecraft.network.protocol.game.ClientboundUpdateRecipesPacket.m_5797_(ClientboundUpdateRecipesPacket.java:14) ~[client-1.20.1-20230612.114412-srg.jar%23242!/:?]
	at net.minecraft.network.protocol.PacketUtils.lambda$checkThreadAndEnqueue$0(PacketUtils.java:40) ~[client-1.20.1-20230612.114412-srg.jar%23242!/:?]
	at net.optifine.util.PacketRunnable.run(PacketRunnable.java:28) ~[preview_OptiFine_1.20.1_HD_U_I6_pre6.jar%23290!/:?]
	at net.minecraft.util.thread.BlockableEventLoop.m_6367_(BlockableEventLoop.java:198) ~[client-1.20.1-20230612.114412-srg.jar%23242!/:?]
	at net.minecraft.util.thread.ReentrantBlockableEventLoop.m_6367_(ReentrantBlockableEventLoop.java:23) ~[client-1.20.1-20230612.114412-srg.jar%23242!/:?]
	at net.minecraft.util.thread.BlockableEventLoop.m_7245_(BlockableEventLoop.java:163) ~[client-1.20.1-20230612.114412-srg.jar%23242!/:?]
	at net.minecraft.util.thread.BlockableEventLoop.m_18699_(BlockableEventLoop.java:140) ~[client-1.20.1-20230612.114412-srg.jar%23242!/:?]
	at net.minecraft.client.Minecraft.m_91383_(Minecraft.java:1106) ~[client-1.20.1-20230612.114412-srg.jar%23242!/:?]
	at net.minecraft.client.Minecraft.m_91374_(Minecraft.java:718) ~[client-1.20.1-20230612.114412-srg.jar%23242!/:?]
	at net.minecraft.client.main.Main.main(Main.java:218) ~[Teste.jar:?]
	at jdk.internal.reflect.NativeMethodAccessorImpl.invoke0(Native Method) ~[?:?]
	at jdk.internal.reflect.NativeMethodAccessorImpl.invoke(NativeMethodAccessorImpl.java:77) ~[?:?]
	at jdk.internal.reflect.DelegatingMethodAccessorImpl.invoke(DelegatingMethodAccessorImpl.java:43) ~[?:?]
	at java.lang.reflect.Method.invoke(Method.java:569) ~[?:?]
	at net.minecraftforge.fml.loading.targets.CommonLaunchHandler.runTarget(CommonLaunchHandler.java:111) ~[fmlloader-1.20.1-47.4.10.jar:?]
	at net.minecraftforge.fml.loading.targets.CommonLaunchHandler.clientService(CommonLaunchHandler.java:99) ~[fmlloader-1.20.1-47.4.10.jar:?]
	at net.minecraftforge.fml.loading.targets.CommonClientLaunchHandler.lambda$makeService$0(CommonClientLaunchHandler.java:25) ~[fmlloader-1.20.1-47.4.10.jar:?]
	at cpw.mods.modlauncher.LaunchServiceHandlerDecorator.launch(LaunchServiceHandlerDecorator.java:30) ~[modlauncher-10.0.9.jar:?]
	at cpw.mods.modlauncher.LaunchServiceHandler.launch(LaunchServiceHandler.java:53) ~[modlauncher-10.0.9.jar:?]
	at cpw.mods.modlauncher.LaunchServiceHandler.launch(LaunchServiceHandler.java:71) ~[modlauncher-10.0.9.jar:?]
	at cpw.mods.modlauncher.Launcher.run(Launcher.java:108) ~[modlauncher-10.0.9.jar:?]
	at cpw.mods.modlauncher.Launcher.main(Launcher.java:78) ~[modlauncher-10.0.9.jar:?]
	at cpw.mods.modlauncher.BootstrapLaunchConsumer.accept(BootstrapLaunchConsumer.java:26) ~[modlauncher-10.0.9.jar:?]
	at cpw.mods.modlauncher.BootstrapLaunchConsumer.accept(BootstrapLaunchConsumer.java:23) ~[modlauncher-10.0.9.jar:?]
	at cpw.mods.bootstraplauncher.BootstrapLauncher.main(BootstrapLauncher.java:141) ~[bootstraplauncher-1.1.2.jar:?]
[12:52:38] [Render thread/INFO]: Registering categories: minecraft:jeresources took 882.1 milliseconds
[12:52:38] [Render thread/INFO]: Registering categories: bloodmagic:jei_plugin took 28.83 milliseconds
[12:52:38] [Render thread/INFO]: Registering categories: mysticalagriculture:jei_plugin took 15.93 milliseconds
[12:52:38] [Render thread/INFO]: Registering categories: tconstruct:jei_plugin took 39.84 milliseconds
[12:52:38] [Render thread/INFO]: Registering categories: immersiveengineering:main took 40.98 milliseconds
[12:52:38] [Render thread/INFO]: Registering categories: ae2:core took 41.19 milliseconds
[12:52:38] [Render thread/INFO]: Registering categories: botania:main took 19.75 milliseconds
[12:52:38] [Render thread/INFO]: Registering categories: mekanism:jei_plugin took 99.71 milliseconds
[12:52:38] [Render thread/INFO]: Registering categories: create:jei_plugin took 246.9 milliseconds
[12:52:38] [Render thread/INFO]: Registering categories: fluxnetworks:jei took 11.62 milliseconds
[12:52:38] [Render thread/INFO]: Registering categories: cyclic:jei took 44.07 milliseconds
[12:52:38] [Render thread/INFO]: Registering categories took 1.577 seconds
[12:52:38] [Render thread/INFO]: Registering vanilla category extensions...
[12:52:38] [Render thread/INFO]: Registering vanilla category extensions: sophisticatedbackpacks:default took 114.9 milliseconds
[12:52:38] [Render thread/INFO]: Registering vanilla category extensions: tconstruct:jei_plugin took 13.41 milliseconds
[12:52:38] [Render thread/INFO]: Registering vanilla category extensions took 140.5 milliseconds
[12:52:38] [Render thread/INFO]: Registering recipe catalysts...
[12:52:38] [Render thread/INFO]: Registering recipe catalysts took 8.904 milliseconds
[12:52:38] [Render thread/INFO]: Building recipe registry...
[12:52:39] [Render thread/INFO]: Building recipe registry took 147.3 milliseconds
[12:52:39] [Render thread/INFO]: Registering advanced plugins...
[12:52:39] [Render thread/INFO]: Added typed recipe manager plugin: class net.p3pp3rf1y.sophisticatedcore.compat.recipeviewers.jei.GroupedCraftingRecipeManagerPlugin
[12:52:39] [Render thread/INFO]: Added typed recipe manager plugin: class net.p3pp3rf1y.sophisticatedcore.compat.recipeviewers.jei.CraftingDisplayCatalogRecipeManagerPlugin
[12:52:39] [Render thread/INFO]: Added typed recipe manager plugin: class net.p3pp3rf1y.sophisticatedcore.compat.recipeviewers.jei.SmithingSpecRecipeManagerPlugin
[12:52:39] [Render thread/INFO]: Added recipe manager plugin: class appeng.integration.modules.jei.FacadeRegistryPlugin
[12:52:39] [Render thread/INFO]: Registering advanced plugins took 9.576 milliseconds
[12:52:39] [Render thread/INFO]: Registering recipes...
[12:52:50] [pool-24-thread-1/ERROR]: Registering recipes: jei:minecraft is running and has taken 11.16 seconds so far
[12:52:50] [pool-24-thread-1/ERROR]: Registering recipes: jei:minecraft is running and has taken 11.46 seconds so far
[12:52:54] [pool-24-thread-1/ERROR]: Registering recipes: jei:minecraft is running and has taken 15.10 seconds so far
[12:52:56] [Render thread/INFO]: Registering recipes: jei:minecraft took 16.91 seconds
[12:52:56] [Render thread/INFO]: Registering recipes: aether:jei took 17.60 milliseconds
[12:52:56] [Render thread/INFO]: Registering recipes: projecte:main took 69.54 milliseconds
[12:52:56] [Render thread/INFO]: protection type: 0. protection timer: 0
[12:52:57] [Render thread/INFO]: Registering recipes: minecraft:jeresources took 933.9 milliseconds
[12:52:57] [Render thread/INFO]: Registering recipes: bloodmagic:jei_plugin took 178.6 milliseconds
[12:52:57] [Render thread/INFO]: Registering recipes: twilightforest:jei_plugin took 239.5 milliseconds
[12:52:57] [Render thread/INFO]: Registering recipes: mysticalagriculture:jei_plugin took 21.28 milliseconds
[12:52:59] [Render thread/INFO]: Registering recipes: tconstruct:jei_plugin took 2.169 seconds
[12:52:59] [Render thread/INFO]: Adding recipes to JEI!!
[12:52:59] [Render thread/INFO]: Recipes for potions: minecraft:fire_resistance, cyclic:waterwalk, minecraft:strong_regeneration, cyclic:flight, minecraft:strong_harming, minecraft:harming, cyclic:antigravity, tconstruct:long_enderference, cyclic:strong_haste, cyclic:blind, cyclic:magnetic, minecraft:night_vision, minecraft:long_poison, tconstruct:_experienced, minecraft:poison, minecraft:water_breathing, cyclic:frost_walker, minecraft:strong_leaping, minecraft:long_water_breathing, cyclic:butter, minecraft:swiftness, minecraft:leaping, minecraft:weakness, minecraft:strong_strength, cyclic:wither, minecraft:strong_slowness, minecraft:strong_swiftness, tconstruct:strong_levitation, tconstruct:_ricochet, tconstruct:long_experienced, minecraft:long_strength, cyclic:hunger, minecraft:long_slow_falling, minecraft:regeneration, cyclic:reach_distance, minecraft:long_fire_resistance, cyclic:gravity, cyclic:strong_hunger, cyclic:levitation, minecraft:long_turtle_master, minecraft:healing, minecraft:strength, minecraft:long_night_vision, minecraft:slow_falling, tconstruct:strong_experienced, cyclic:swimspeed, minecraft:long_leaping, minecraft:strong_healing, cyclic:stun, tconstruct:_enderference, minecraft:long_regeneration, cyclic:snowwalk, minecraft:turtle_master, minecraft:slowness, minecraft:long_slowness, minecraft:long_weakness, minecraft:invisibility, tconstruct:_levitation, minecraft:long_swiftness, cyclic:resistance, cyclic:attack_range, minecraft:long_invisibility, tconstruct:long_ricochet, cyclic:haste, tconstruct:long_levitation, minecraft:strong_poison, minecraft:awkward, minecraft:strong_turtle_master, tconstruct:strong_ricochet, minecraft:water
[12:52:59] [Render thread/INFO]: Registering recipes: immersiveengineering:main took 193.9 milliseconds
[12:53:00] [Render thread/INFO]: Registering recipes: ae2:core took 133.3 milliseconds
[12:53:00] [Render thread/INFO]: Registering recipes: botania:main took 39.14 milliseconds
[12:53:00] [Render thread/INFO]: Registering recipes: mekanism:jei_plugin took 76.92 milliseconds
[12:53:02] [Render thread/INFO]: Registering recipes: create:jei_plugin took 2.026 seconds
[12:53:02] [Render thread/INFO]: Registering recipes: divinerpg:jei_plugin took 17.66 milliseconds
[12:53:02] [Render thread/INFO]: Registering recipes: cyclic:jei took 532.1 milliseconds
[12:53:02] [Render thread/INFO]: Registering recipes took 23.59 seconds
[12:53:02] [Render thread/INFO]: Registering recipes transfer handlers...
[12:53:02] [Render thread/INFO]: Registering recipes transfer handlers took 30.63 milliseconds
[12:53:02] [Render thread/INFO]: Building runtime...
[12:53:02] [Render thread/INFO]: Registering gui handlers...
[12:53:02] [Render thread/INFO]: Registering gui handlers took 27.39 milliseconds
[12:53:02] [Render thread/INFO]: Registering advanced search...
[12:53:02] [Render thread/INFO]: Registering advanced search took 388.8 microseconds
[12:53:02] [Render thread/INFO]: Registering Runtime...
[12:53:02] [Render thread/INFO]: Starting JEI GUI
[12:53:02] [Render thread/INFO]: Building ingredient list...
[12:53:03] [Render thread/INFO]: Building ingredient list took 373.0 milliseconds
[12:53:03] [Render thread/INFO]: Building ingredient filter...
[12:53:06] [Render thread/INFO]: Adding 15520 ingredients
[12:53:06] [Render thread/INFO]: Added 15520 ingredients
[12:53:06] [Render thread/INFO]: Building ingredient filter took 3.776 seconds
[12:53:07] [Render thread/WARN]: Failed to load bookmarked ingredients from string: 
slimeknights.mantle.recipe.ingredient.EntityIngredient$EntityInput&minecraft:wither_skeleton
no ingredient was found for uid: minecraft:wither_skeleton
[12:53:07] [Render thread/WARN]: Failed to load bookmarked ingredients from string: 
slimeknights.mantle.recipe.ingredient.EntityIngredient$EntityInput&minecraft:phantom
no ingredient was found for uid: minecraft:phantom
[12:53:07] [Render thread/INFO]: Registering Runtime: jei:forge_gui took 4.518 seconds
[12:53:07] [Render thread/INFO]: Registering Runtime took 4.519 seconds
[12:53:07] [Render thread/INFO]: Building runtime took 4.560 seconds
[12:53:07] [Render thread/INFO]: Sending Runtime...
[12:53:07] [Render thread/INFO]: Ingredients are being removed at runtime: 1359 net.minecraft.world.item.ItemStack
[12:53:07] [Render thread/INFO]: Ingredients are being added at runtime: 4 net.minecraft.world.item.ItemStack
[12:53:07] [Render thread/INFO]: Ingredients are being removed at runtime: 1 net.minecraftforge.fluids.FluidStack
[12:53:07] [Render thread/INFO]: Ingredients are being removed at runtime: 1 net.minecraftforge.fluids.FluidStack
[12:53:07] [Render thread/INFO]: Ingredients are being removed at runtime: 1 net.minecraftforge.fluids.FluidStack
[12:53:07] [Render thread/INFO]: Ingredients are being removed at runtime: 1 net.minecraftforge.fluids.FluidStack
[12:53:07] [Render thread/INFO]: Ingredients are being removed at runtime: 1 net.minecraftforge.fluids.FluidStack
[12:53:07] [Render thread/INFO]: Ingredients are being removed at runtime: 1 net.minecraftforge.fluids.FluidStack
[12:53:07] [Render thread/INFO]: Ingredients are being removed at runtime: 1 net.minecraftforge.fluids.FluidStack
[12:53:07] [Render thread/INFO]: Ingredients are being removed at runtime: 1 net.minecraftforge.fluids.FluidStack
[12:53:07] [Render thread/INFO]: Ingredients are being removed at runtime: 1 net.minecraftforge.fluids.FluidStack
[12:53:07] [Render thread/INFO]: Ingredients are being removed at runtime: 1 net.minecraftforge.fluids.FluidStack
[12:53:07] [Render thread/INFO]: Ingredients are being removed at runtime: 1 net.minecraftforge.fluids.FluidStack
[12:53:07] [Render thread/INFO]: Ingredients are being added at runtime: 76 net.minecraftforge.fluids.FluidStack
[12:53:07] [Render thread/INFO]: Ingredients are being removed at runtime: 1 net.minecraftforge.fluids.FluidStack
[12:53:07] [Render thread/INFO]: Sending Runtime: tconstruct:jei_plugin took 68.56 milliseconds
[12:53:07] [Render thread/INFO]: Ingredients are being removed at runtime: 9 net.minecraft.world.item.ItemStack
[12:53:07] [Render thread/INFO]: Sending Runtime took 79.35 milliseconds
[12:53:07] [Render thread/INFO]: Starting JEI took 44.92 seconds
[12:53:09] [Render thread/INFO]: Minimap updated server level id: -1329989343 for world ResourceKey[minecraft:dimension / minecraft:overworld]
[12:53:09] [Render thread/INFO]: Received config from the server: 
[12:53:09] [Render thread/INFO]: Loaded 1739 advancements
[12:53:09] [Render thread/INFO]: BookContentResourceListenerLoader: Files found in 290.6 ?s
[12:53:09] [Render thread/INFO]: BookContentResourceListenerLoader: Files found in 310.5 ?s
[12:53:09] [Render thread/INFO]: BookContentResourceListenerLoader: Files found in 131.1 ?s
[12:53:09] [Render thread/INFO]: BookContentResourceListenerLoader: Files found in 791.5 ?s
[12:53:09] [Render thread/INFO]: BookContentResourceListenerLoader: Files found in 909.4 ?s
[12:53:09] [Render thread/INFO]: BookContentResourceListenerLoader: Files found in 864.8 ?s
[12:53:09] [Render thread/INFO]: BookContentResourceListenerLoader: Files found in 964.9 ?s
[12:53:09] [Render thread/INFO]: BookContentResourceListenerLoader: Files found in 987.3 ?s
[12:53:09] [Render thread/WARN]: Invalid icon item stack: Unknown item ID: agricraft:wooden_crop_sticks
[12:53:09] [Render thread/INFO]: BookContentResourceListenerLoader: Files found in 889.2 ?s
[12:53:10] [Render thread/WARN]: Invalid extra recipe mapping: bloodmagic:spike_trap to page 0 in entry bloodmagic:dungeons/spike_trap: Unknown item ID: bloodmagic:spike_trap
[12:53:10] [Render thread/WARN]: Invalid extra recipe mapping: bloodmagic:dungeon_brick_assorted_corrosive to page 0 in entry bloodmagic:dungeons/demon_stone: Unknown item ID: bloodmagic:dungeon_brick_assorted_corrosive
[12:53:10] [Render thread/WARN]: Invalid extra recipe mapping: bloodmagic:dungeon_regular_cracked_brick1_corrosive to page 0 in entry bloodmagic:dungeons/demon_stone: Unknown item ID: bloodmagic:dungeon_regular_cracked_brick1_corrosive
[12:53:10] [Render thread/WARN]: Invalid extra recipe mapping: bloodmagic:dungeon_cracked_brick1_corrosive to page 0 in entry bloodmagic:dungeons/demon_stone: Unknown item ID: bloodmagic:dungeon_cracked_brick1_corrosive
[12:53:10] [Render thread/WARN]: Invalid extra recipe mapping: bloodmagic:dungeon_emitter_corrosive to page 0 in entry bloodmagic:dungeons/demon_stone: Unknown item ID: bloodmagic:dungeon_emitter_corrosive
[12:53:10] [Render thread/WARN]: Invalid extra recipe mapping: bloodmagic:dungeon_alternator_corrosive to page 0 in entry bloodmagic:dungeons/demon_stone: Unknown item ID: bloodmagic:dungeon_alternator_corrosive
[12:53:10] [Render thread/WARN]: Invalid extra recipe mapping: bloodmagic:dungeon_brick_assorted_destructive to page 0 in entry bloodmagic:dungeons/demon_stone: Unknown item ID: bloodmagic:dungeon_brick_assorted_destructive
[12:53:10] [Render thread/WARN]: Invalid extra recipe mapping: bloodmagic:dungeon_regular_cracked_brick1_destructive to page 0 in entry bloodmagic:dungeons/demon_stone: Unknown item ID: bloodmagic:dungeon_regular_cracked_brick1_destructive
[12:53:10] [Render thread/WARN]: Invalid extra recipe mapping: bloodmagic:dungeon_cracked_brick1_destructive to page 0 in entry bloodmagic:dungeons/demon_stone: Unknown item ID: bloodmagic:dungeon_cracked_brick1_destructive
[12:53:10] [Render thread/WARN]: Invalid extra recipe mapping: bloodmagic:dungeon_emitter_destructive to page 0 in entry bloodmagic:dungeons/demon_stone: Unknown item ID: bloodmagic:dungeon_emitter_destructive
[12:53:10] [Render thread/WARN]: Invalid extra recipe mapping: bloodmagic:dungeon_alternator_destructive to page 0 in entry bloodmagic:dungeons/demon_stone: Unknown item ID: bloodmagic:dungeon_alternator_destructive
[12:53:10] [Render thread/WARN]: Invalid extra recipe mapping: bloodmagic:dungeon_brick_assorted_steadfast to page 0 in entry bloodmagic:dungeons/demon_stone: Unknown item ID: bloodmagic:dungeon_brick_assorted_steadfast
[12:53:10] [Render thread/WARN]: Invalid extra recipe mapping: bloodmagic:dungeon_regular_cracked_brick1_steadfast to page 0 in entry bloodmagic:dungeons/demon_stone: Unknown item ID: bloodmagic:dungeon_regular_cracked_brick1_steadfast
[12:53:10] [Render thread/WARN]: Invalid extra recipe mapping: bloodmagic:dungeon_cracked_brick1_steadfast to page 0 in entry bloodmagic:dungeons/demon_stone: Unknown item ID: bloodmagic:dungeon_cracked_brick1_steadfast
[12:53:10] [Render thread/WARN]: Invalid extra recipe mapping: bloodmagic:dungeon_emitter_steadfast to page 0 in entry bloodmagic:dungeons/demon_stone: Unknown item ID: bloodmagic:dungeon_emitter_steadfast
[12:53:10] [Render thread/WARN]: Invalid extra recipe mapping: bloodmagic:dungeon_alternator_steadfast to page 0 in entry bloodmagic:dungeons/demon_stone: Unknown item ID: bloodmagic:dungeon_alternator_steadfast
[12:53:10] [Render thread/WARN]: Invalid extra recipe mapping: bloodmagic:dungeon_brick_assorted_vengeful to page 0 in entry bloodmagic:dungeons/demon_stone: Unknown item ID: bloodmagic:dungeon_brick_assorted_vengeful
[12:53:10] [Render thread/WARN]: Invalid extra recipe mapping: bloodmagic:dungeon_regular_cracked_brick1_vengeful to page 0 in entry bloodmagic:dungeons/demon_stone: Unknown item ID: bloodmagic:dungeon_regular_cracked_brick1_vengeful
[12:53:10] [Render thread/WARN]: Invalid extra recipe mapping: bloodmagic:dungeon_cracked_brick1_vengeful to page 0 in entry bloodmagic:dungeons/demon_stone: Unknown item ID: bloodmagic:dungeon_cracked_brick1_vengeful
[12:53:10] [Render thread/WARN]: Invalid extra recipe mapping: bloodmagic:dungeon_emitter_vengeful to page 0 in entry bloodmagic:dungeons/demon_stone: Unknown item ID: bloodmagic:dungeon_emitter_vengeful
[12:53:10] [Render thread/WARN]: Invalid extra recipe mapping: bloodmagic:dungeon_alternator_vengeful to page 0 in entry bloodmagic:dungeons/demon_stone: Unknown item ID: bloodmagic:dungeon_alternator_vengeful
[12:53:10] [Render thread/WARN]: Invalid extra recipe mapping: bloodmagic:dungeon_metal_c to page 6 in entry bloodmagic:dungeons/demonite: Unknown item ID: bloodmagic:dungeon_metal_c
[12:53:10] [Render thread/WARN]: Invalid extra recipe mapping: bloodmagic:dungeon_metal_d to page 6 in entry bloodmagic:dungeons/demonite: Unknown item ID: bloodmagic:dungeon_metal_d
[12:53:10] [Render thread/WARN]: Invalid extra recipe mapping: bloodmagic:dungeon_metal_s to page 6 in entry bloodmagic:dungeons/demonite: Unknown item ID: bloodmagic:dungeon_metal_s
[12:53:10] [Render thread/WARN]: Invalid extra recipe mapping: bloodmagic:dungeon_metal_v to page 6 in entry bloodmagic:dungeons/demonite: Unknown item ID: bloodmagic:dungeon_metal_v
[12:53:10] [Render thread/INFO]: BookContentResourceListenerLoader: Files found in 881.0 ?s
[12:53:10] [Render thread/INFO]: BookContentResourceListenerLoader: Files found in 726.2 ?s
[12:53:10] [Render thread/INFO]: BookContentResourceListenerLoader: Files found in 892.5 ?s
[12:53:10] [Render thread/INFO]: BookContentResourceListenerLoader: Files found in 86.50 ?s
[12:53:10] [Render thread/INFO]: BookContentResourceListenerLoader: Files found in 86.40 ?s
[12:53:10] [Render thread/INFO]: BookContentResourceListenerLoader: Files found in 73.10 ?s
[12:53:10] [Render thread/INFO]: [System] [CHAT] Uma nova versão do §eOptiFine§f está agora disponível: §e§nHD Ultra I6§r§f
[12:53:11] [Render thread/INFO]: Reloading radar icon resources...
[12:53:11] [Render thread/INFO]: Reloaded radar icon resources!
[12:53:14] [Server thread/WARN]: Can't keep up! Is the server overloaded? Running 2663ms or 53 ticks behind
[12:53:30] [Render thread/INFO]: calculated cape performance:TEXTURE_136, middle time: 12.666666666666666
[12:53:33] [Server thread/INFO]: Saving and pausing game...
[12:53:33] [Server thread/INFO]: Saving chunks for level 'ServerLevel[Novo mundo]'/minecraft:overworld
[12:53:33] [Server thread/INFO]: Saving chunks for level 'ServerLevel[Novo mundo]'/minecraft:the_end
[12:53:33] [Server thread/INFO]: Saving chunks for level 'ServerLevel[Novo mundo]'/universecraft:planet_mars
[12:53:33] [Server thread/INFO]: Saving chunks for level 'ServerLevel[Novo mundo]'/aether:the_aether
[12:53:33] [Server thread/INFO]: Saving chunks for level 'ServerLevel[Novo mundo]'/divinerpg:apalachia
[12:53:33] [Server thread/INFO]: Saving chunks for level 'ServerLevel[Novo mundo]'/universecraft:venus_planet
[12:53:33] [Server thread/INFO]: Saving chunks for level 'ServerLevel[Novo mundo]'/universecraft:jupiter
[12:53:33] [Server thread/INFO]: Saving chunks for level 'ServerLevel[Novo mundo]'/divinerpg:wildwood
[12:53:33] [Server thread/INFO]: Saving chunks for level 'ServerLevel[Novo mundo]'/divinerpg:arcana
[12:53:33] [Server thread/INFO]: Saving chunks for level 'ServerLevel[Novo mundo]'/divinerpg:mortum
[12:53:33] [Server thread/INFO]: Saving chunks for level 'ServerLevel[Novo mundo]'/twilightforest:twilight_forest
[12:53:33] [Server thread/INFO]: Saving chunks for level 'ServerLevel[Novo mundo]'/divinerpg:vethea
[12:53:33] [Server thread/INFO]: Saving chunks for level 'ServerLevel[Novo mundo]'/divinerpg:skythern
[12:53:33] [Server thread/INFO]: Saving chunks for level 'ServerLevel[Novo mundo]'/minecraft:the_nether
[12:53:33] [Server thread/INFO]: Saving chunks for level 'ServerLevel[Novo mundo]'/universecraft:moon
[12:53:33] [Server thread/INFO]: Saving chunks for level 'ServerLevel[Novo mundo]'/divinerpg:eden
[12:53:33] [Server thread/INFO]: Saving chunks for level 'ServerLevel[Novo mundo]'/bloodmagic:dungeon
[12:53:33] [Server thread/INFO]: Saving chunks for level 'ServerLevel[Novo mundo]'/divinerpg:iceika
[12:53:33] [Server thread/INFO]: Saving chunks for level 'ServerLevel[Novo mundo]'/universecraft:murcury
[12:53:33] [Server thread/INFO]: Saving chunks for level 'ServerLevel[Novo mundo]'/universecraft:saturn
[12:53:33] [Server thread/INFO]: Saving chunks for level 'ServerLevel[Novo mundo]'/ae2:spatial_storage
[12:53:41] [Server thread/INFO]: [alexsteam08: alexsteam08 foi teletransportado para -522.500000, 72.500000, -130.500000]
[12:53:41] [Server thread/WARN]: Can't keep up! Is the server overloaded? Running 2503ms or 50 ticks behind
[12:53:41] [Render thread/INFO]: [System] [CHAT] alexsteam08 foi teletransportado para -522.500000, 72.500000, -130.500000
[12:53:43] [Server thread/INFO]: Saving and pausing game...
[12:53:43] [Server thread/INFO]: Saving chunks for level 'ServerLevel[Novo mundo]'/minecraft:overworld
[12:53:43] [Server thread/INFO]: Saving chunks for level 'ServerLevel[Novo mundo]'/minecraft:the_end
[12:53:43] [Server thread/INFO]: Saving chunks for level 'ServerLevel[Novo mundo]'/universecraft:planet_mars
[12:53:43] [Server thread/INFO]: Saving chunks for level 'ServerLevel[Novo mundo]'/aether:the_aether
[12:53:43] [Server thread/INFO]: Saving chunks for level 'ServerLevel[Novo mundo]'/divinerpg:apalachia
[12:53:43] [Server thread/INFO]: Saving chunks for level 'ServerLevel[Novo mundo]'/universecraft:venus_planet
[12:53:43] [Server thread/INFO]: Saving chunks for level 'ServerLevel[Novo mundo]'/universecraft:jupiter
[12:53:43] [Server thread/INFO]: Saving chunks for level 'ServerLevel[Novo mundo]'/divinerpg:wildwood
[12:53:43] [Server thread/INFO]: Saving chunks for level 'ServerLevel[Novo mundo]'/divinerpg:arcana
[12:53:43] [Server thread/INFO]: Saving chunks for level 'ServerLevel[Novo mundo]'/divinerpg:mortum
[12:53:43] [Server thread/INFO]: Saving chunks for level 'ServerLevel[Novo mundo]'/twilightforest:twilight_forest
[12:53:43] [Server thread/INFO]: Saving chunks for level 'ServerLevel[Novo mundo]'/divinerpg:vethea
[12:53:43] [Server thread/INFO]: Saving chunks for level 'ServerLevel[Novo mundo]'/divinerpg:skythern
[12:53:43] [Server thread/INFO]: Saving chunks for level 'ServerLevel[Novo mundo]'/minecraft:the_nether
[12:53:43] [Server thread/INFO]: Saving chunks for level 'ServerLevel[Novo mundo]'/universecraft:moon
[12:53:43] [Server thread/INFO]: Saving chunks for level 'ServerLevel[Novo mundo]'/divinerpg:eden
[12:53:43] [Server thread/INFO]: Saving chunks for level 'ServerLevel[Novo mundo]'/bloodmagic:dungeon
[12:53:43] [Server thread/INFO]: Saving chunks for level 'ServerLevel[Novo mundo]'/divinerpg:iceika
[12:53:43] [Server thread/INFO]: Saving chunks for level 'ServerLevel[Novo mundo]'/universecraft:murcury
[12:53:43] [Server thread/INFO]: Saving chunks for level 'ServerLevel[Novo mundo]'/universecraft:saturn
[12:53:43] [Server thread/INFO]: Saving chunks for level 'ServerLevel[Novo mundo]'/ae2:spatial_storage
[13:02:21] [Render thread/INFO]: can use texture size:TEXTURE_272, middle time: 8.8
[13:02:33] [Server thread/INFO]: Saving and pausing game...
[13:02:34] [Server thread/INFO]: Saving chunks for level 'ServerLevel[Novo mundo]'/minecraft:overworld
[13:02:34] [Server thread/INFO]: Saving chunks for level 'ServerLevel[Novo mundo]'/minecraft:the_end
[13:02:34] [Server thread/INFO]: Saving chunks for level 'ServerLevel[Novo mundo]'/universecraft:planet_mars
[13:02:34] [Server thread/INFO]: Saving chunks for level 'ServerLevel[Novo mundo]'/aether:the_aether
[13:02:34] [Server thread/INFO]: Saving chunks for level 'ServerLevel[Novo mundo]'/divinerpg:apalachia
[13:02:34] [Server thread/INFO]: Saving chunks for level 'ServerLevel[Novo mundo]'/universecraft:venus_planet
[13:02:34] [Server thread/INFO]: Saving chunks for level 'ServerLevel[Novo mundo]'/universecraft:jupiter
[13:02:34] [Server thread/INFO]: Saving chunks for level 'ServerLevel[Novo mundo]'/divinerpg:wildwood
[13:02:34] [Server thread/INFO]: Saving chunks for level 'ServerLevel[Novo mundo]'/divinerpg:arcana
[13:02:34] [Server thread/INFO]: Saving chunks for level 'ServerLevel[Novo mundo]'/divinerpg:mortum
[13:02:34] [Server thread/INFO]: Saving chunks for level 'ServerLevel[Novo mundo]'/twilightforest:twilight_forest
[13:02:34] [Server thread/INFO]: Saving chunks for level 'ServerLevel[Novo mundo]'/divinerpg:vethea
[13:02:34] [Server thread/INFO]: Saving chunks for level 'ServerLevel[Novo mundo]'/divinerpg:skythern
[13:02:34] [Server thread/INFO]: Saving chunks for level 'ServerLevel[Novo mundo]'/minecraft:the_nether
[13:02:34] [Server thread/INFO]: Saving chunks for level 'ServerLevel[Novo mundo]'/universecraft:moon
[13:02:34] [Server thread/INFO]: Saving chunks for level 'ServerLevel[Novo mundo]'/divinerpg:eden
[13:02:34] [Server thread/INFO]: Saving chunks for level 'ServerLevel[Novo mundo]'/bloodmagic:dungeon
[13:02:34] [Server thread/INFO]: Saving chunks for level 'ServerLevel[Novo mundo]'/divinerpg:iceika
[13:02:34] [Server thread/INFO]: Saving chunks for level 'ServerLevel[Novo mundo]'/universecraft:murcury
[13:02:34] [Server thread/INFO]: Saving chunks for level 'ServerLevel[Novo mundo]'/universecraft:saturn
[13:02:34] [Server thread/INFO]: Saving chunks for level 'ServerLevel[Novo mundo]'/ae2:spatial_storage
[13:16:37] [Server thread/INFO]: Saving and pausing game...
[13:16:37] [Server thread/INFO]: Saving chunks for level 'ServerLevel[Novo mundo]'/minecraft:overworld
[13:16:37] [Server thread/INFO]: Saving chunks for level 'ServerLevel[Novo mundo]'/minecraft:the_end
[13:16:37] [Server thread/INFO]: Saving chunks for level 'ServerLevel[Novo mundo]'/universecraft:planet_mars
[13:16:37] [Server thread/INFO]: Saving chunks for level 'ServerLevel[Novo mundo]'/aether:the_aether
[13:16:37] [Server thread/INFO]: Saving chunks for level 'ServerLevel[Novo mundo]'/divinerpg:apalachia
[13:16:37] [Server thread/INFO]: Saving chunks for level 'ServerLevel[Novo mundo]'/universecraft:venus_planet
[13:16:37] [Server thread/INFO]: Saving chunks for level 'ServerLevel[Novo mundo]'/universecraft:jupiter
[13:16:37] [Server thread/INFO]: Saving chunks for level 'ServerLevel[Novo mundo]'/divinerpg:wildwood
[13:16:37] [Server thread/INFO]: Saving chunks for level 'ServerLevel[Novo mundo]'/divinerpg:arcana
[13:16:37] [Server thread/INFO]: Saving chunks for level 'ServerLevel[Novo mundo]'/divinerpg:mortum
[13:16:37] [Server thread/INFO]: Saving chunks for level 'ServerLevel[Novo mundo]'/twilightforest:twilight_forest
[13:16:37] [Server thread/INFO]: Saving chunks for level 'ServerLevel[Novo mundo]'/divinerpg:vethea
[13:16:37] [Server thread/INFO]: Saving chunks for level 'ServerLevel[Novo mundo]'/divinerpg:skythern
[13:16:37] [Server thread/INFO]: Saving chunks for level 'ServerLevel[Novo mundo]'/minecraft:the_nether
[13:16:37] [Server thread/INFO]: Saving chunks for level 'ServerLevel[Novo mundo]'/universecraft:moon
[13:16:37] [Server thread/INFO]: Saving chunks for level 'ServerLevel[Novo mundo]'/divinerpg:eden
[13:16:37] [Server thread/INFO]: Saving chunks for level 'ServerLevel[Novo mundo]'/bloodmagic:dungeon
[13:16:37] [Server thread/INFO]: Saving chunks for level 'ServerLevel[Novo mundo]'/divinerpg:iceika
[13:16:37] [Server thread/INFO]: Saving chunks for level 'ServerLevel[Novo mundo]'/universecraft:murcury
[13:16:37] [Server thread/INFO]: Saving chunks for level 'ServerLevel[Novo mundo]'/universecraft:saturn
[13:16:37] [Server thread/INFO]: Saving chunks for level 'ServerLevel[Novo mundo]'/ae2:spatial_storage
[13:17:05] [Server thread/INFO]: Saving and pausing game...
[13:17:05] [Server thread/INFO]: Saving chunks for level 'ServerLevel[Novo mundo]'/minecraft:overworld
[13:17:05] [Server thread/INFO]: Saving chunks for level 'ServerLevel[Novo mundo]'/minecraft:the_end
[13:17:05] [Server thread/INFO]: Saving chunks for level 'ServerLevel[Novo mundo]'/universecraft:planet_mars
[13:17:05] [Server thread/INFO]: Saving chunks for level 'ServerLevel[Novo mundo]'/aether:the_aether
[13:17:05] [Server thread/INFO]: Saving chunks for level 'ServerLevel[Novo mundo]'/divinerpg:apalachia
[13:17:05] [Server thread/INFO]: Saving chunks for level 'ServerLevel[Novo mundo]'/universecraft:venus_planet
[13:17:05] [Server thread/INFO]: Saving chunks for level 'ServerLevel[Novo mundo]'/universecraft:jupiter
[13:17:05] [Server thread/INFO]: Saving chunks for level 'ServerLevel[Novo mundo]'/divinerpg:wildwood
[13:17:05] [Server thread/INFO]: Saving chunks for level 'ServerLevel[Novo mundo]'/divinerpg:arcana
[13:17:05] [Server thread/INFO]: Saving chunks for level 'ServerLevel[Novo mundo]'/divinerpg:mortum
[13:17:05] [Server thread/INFO]: Saving chunks for level 'ServerLevel[Novo mundo]'/twilightforest:twilight_forest
[13:17:05] [Server thread/INFO]: Saving chunks for level 'ServerLevel[Novo mundo]'/divinerpg:vethea
[13:17:05] [Server thread/INFO]: Saving chunks for level 'ServerLevel[Novo mundo]'/divinerpg:skythern
[13:17:05] [Server thread/INFO]: Saving chunks for level 'ServerLevel[Novo mundo]'/minecraft:the_nether
[13:17:05] [Server thread/INFO]: Saving chunks for level 'ServerLevel[Novo mundo]'/universecraft:moon
[13:17:05] [Server thread/INFO]: Saving chunks for level 'ServerLevel[Novo mundo]'/divinerpg:eden
[13:17:05] [Server thread/INFO]: Saving chunks for level 'ServerLevel[Novo mundo]'/bloodmagic:dungeon
[13:17:05] [Server thread/INFO]: Saving chunks for level 'ServerLevel[Novo mundo]'/divinerpg:iceika
[13:17:05] [Server thread/INFO]: Saving chunks for level 'ServerLevel[Novo mundo]'/universecraft:murcury
[13:17:05] [Server thread/INFO]: Saving chunks for level 'ServerLevel[Novo mundo]'/universecraft:saturn
[13:17:05] [Server thread/INFO]: Saving chunks for level 'ServerLevel[Novo mundo]'/ae2:spatial_storage
[13:17:07] [Server thread/INFO]: [alexsteam08: alexsteam08 foi teletransportado para -521.500000, -33.500000, 205.500000]
[13:17:07] [Render thread/INFO]: [System] [CHAT] alexsteam08 foi teletransportado para -521.500000, -33.500000, 205.500000
[13:20:38] [Server thread/INFO]: Saving and pausing game...
[13:20:38] [Server thread/INFO]: Saving chunks for level 'ServerLevel[Novo mundo]'/minecraft:overworld
[13:20:38] [Server thread/INFO]: Saving chunks for level 'ServerLevel[Novo mundo]'/minecraft:the_end
[13:20:38] [Server thread/INFO]: Saving chunks for level 'ServerLevel[Novo mundo]'/universecraft:planet_mars
[13:20:38] [Server thread/INFO]: Saving chunks for level 'ServerLevel[Novo mundo]'/aether:the_aether
[13:20:38] [Server thread/INFO]: Saving chunks for level 'ServerLevel[Novo mundo]'/divinerpg:apalachia
[13:20:38] [Server thread/INFO]: Saving chunks for level 'ServerLevel[Novo mundo]'/universecraft:venus_planet
[13:20:38] [Server thread/INFO]: Saving chunks for level 'ServerLevel[Novo mundo]'/universecraft:jupiter
[13:20:38] [Server thread/INFO]: Saving chunks for level 'ServerLevel[Novo mundo]'/divinerpg:wildwood
[13:20:38] [Server thread/INFO]: Saving chunks for level 'ServerLevel[Novo mundo]'/divinerpg:arcana
[13:20:38] [Server thread/INFO]: Saving chunks for level 'ServerLevel[Novo mundo]'/divinerpg:mortum
[13:20:38] [Server thread/INFO]: Saving chunks for level 'ServerLevel[Novo mundo]'/twilightforest:twilight_forest
[13:20:38] [Server thread/INFO]: Saving chunks for level 'ServerLevel[Novo mundo]'/divinerpg:vethea
[13:20:38] [Server thread/INFO]: Saving chunks for level 'ServerLevel[Novo mundo]'/divinerpg:skythern
[13:20:39] [Server thread/INFO]: Saving chunks for level 'ServerLevel[Novo mundo]'/minecraft:the_nether
[13:20:39] [Server thread/INFO]: Saving chunks for level 'ServerLevel[Novo mundo]'/universecraft:moon
[13:20:39] [Server thread/INFO]: Saving chunks for level 'ServerLevel[Novo mundo]'/divinerpg:eden
[13:20:39] [Server thread/INFO]: Saving chunks for level 'ServerLevel[Novo mundo]'/bloodmagic:dungeon
[13:20:39] [Server thread/INFO]: Saving chunks for level 'ServerLevel[Novo mundo]'/divinerpg:iceika
[13:20:39] [Server thread/INFO]: Saving chunks for level 'ServerLevel[Novo mundo]'/universecraft:murcury
[13:20:39] [Server thread/INFO]: Saving chunks for level 'ServerLevel[Novo mundo]'/universecraft:saturn
[13:20:39] [Server thread/INFO]: Saving chunks for level 'ServerLevel[Novo mundo]'/ae2:spatial_storage
[13:20:41] [Server thread/INFO]: [alexsteam08: alexsteam08 foi teletransportado para -521.500000, -33.500000, 205.500000]
[13:20:41] [Render thread/INFO]: [System] [CHAT] alexsteam08 foi teletransportado para -521.500000, -33.500000, 205.500000
[13:30:28] [Render thread/INFO]: Loaded 1739 advancements
[13:32:23] [Server thread/INFO]: Saving and pausing game...
[13:32:23] [Server thread/INFO]: Saving chunks for level 'ServerLevel[Novo mundo]'/minecraft:overworld
[13:32:23] [Server thread/INFO]: Saving chunks for level 'ServerLevel[Novo mundo]'/minecraft:the_end
[13:32:23] [Server thread/INFO]: Saving chunks for level 'ServerLevel[Novo mundo]'/universecraft:planet_mars
[13:32:23] [Server thread/INFO]: Saving chunks for level 'ServerLevel[Novo mundo]'/aether:the_aether
[13:32:23] [Server thread/INFO]: Saving chunks for level 'ServerLevel[Novo mundo]'/divinerpg:apalachia
[13:32:23] [Server thread/INFO]: Saving chunks for level 'ServerLevel[Novo mundo]'/universecraft:venus_planet
[13:32:23] [Server thread/INFO]: Saving chunks for level 'ServerLevel[Novo mundo]'/universecraft:jupiter
[13:32:23] [Server thread/INFO]: Saving chunks for level 'ServerLevel[Novo mundo]'/divinerpg:wildwood
[13:32:23] [Server thread/INFO]: Saving chunks for level 'ServerLevel[Novo mundo]'/divinerpg:arcana
[13:32:23] [Server thread/INFO]: Saving chunks for level 'ServerLevel[Novo mundo]'/divinerpg:mortum
[13:32:23] [Server thread/INFO]: Saving chunks for level 'ServerLevel[Novo mundo]'/twilightforest:twilight_forest
[13:32:23] [Server thread/INFO]: Saving chunks for level 'ServerLevel[Novo mundo]'/divinerpg:vethea
[13:32:23] [Server thread/INFO]: Saving chunks for level 'ServerLevel[Novo mundo]'/divinerpg:skythern
[13:32:23] [Server thread/INFO]: Saving chunks for level 'ServerLevel[Novo mundo]'/minecraft:the_nether
[13:32:23] [Server thread/INFO]: Saving chunks for level 'ServerLevel[Novo mundo]'/universecraft:moon
[13:32:23] [Server thread/INFO]: Saving chunks for level 'ServerLevel[Novo mundo]'/divinerpg:eden
[13:32:23] [Server thread/INFO]: Saving chunks for level 'ServerLevel[Novo mundo]'/bloodmagic:dungeon
[13:32:23] [Server thread/INFO]: Saving chunks for level 'ServerLevel[Novo mundo]'/divinerpg:iceika
[13:32:23] [Server thread/INFO]: Saving chunks for level 'ServerLevel[Novo mundo]'/universecraft:murcury
[13:32:23] [Server thread/INFO]: Saving chunks for level 'ServerLevel[Novo mundo]'/universecraft:saturn
[13:32:23] [Server thread/INFO]: Saving chunks for level 'ServerLevel[Novo mundo]'/ae2:spatial_storage
[13:32:25] [Server thread/INFO]: [alexsteam08: alexsteam08 foi teletransportado para -522.500000, 72.500000, -130.500000]
[13:32:25] [Render thread/INFO]: [System] [CHAT] alexsteam08 foi teletransportado para -522.500000, 72.500000, -130.500000
[13:46:31] [Server thread/INFO]: Saving and pausing game...
[13:46:31] [Server thread/INFO]: Saving chunks for level 'ServerLevel[Novo mundo]'/minecraft:overworld
[13:46:31] [Server thread/INFO]: Saving chunks for level 'ServerLevel[Novo mundo]'/minecraft:the_end
[13:46:31] [Server thread/INFO]: Saving chunks for level 'ServerLevel[Novo mundo]'/universecraft:planet_mars
[13:46:31] [Server thread/INFO]: Saving chunks for level 'ServerLevel[Novo mundo]'/aether:the_aether
[13:46:32] [Server thread/INFO]: Saving chunks for level 'ServerLevel[Novo mundo]'/divinerpg:apalachia
[13:46:32] [Server thread/INFO]: Saving chunks for level 'ServerLevel[Novo mundo]'/universecraft:venus_planet
[13:46:32] [Server thread/INFO]: Saving chunks for level 'ServerLevel[Novo mundo]'/universecraft:jupiter
[13:46:32] [Server thread/INFO]: Saving chunks for level 'ServerLevel[Novo mundo]'/divinerpg:wildwood
[13:46:32] [Server thread/INFO]: Saving chunks for level 'ServerLevel[Novo mundo]'/divinerpg:arcana
[13:46:32] [Server thread/INFO]: Saving chunks for level 'ServerLevel[Novo mundo]'/divinerpg:mortum
[13:46:32] [Server thread/INFO]: Saving chunks for level 'ServerLevel[Novo mundo]'/twilightforest:twilight_forest
[13:46:32] [Server thread/INFO]: Saving chunks for level 'ServerLevel[Novo mundo]'/divinerpg:vethea
[13:46:32] [Server thread/INFO]: Saving chunks for level 'ServerLevel[Novo mundo]'/divinerpg:skythern
[13:46:32] [Server thread/INFO]: Saving chunks for level 'ServerLevel[Novo mundo]'/minecraft:the_nether
[13:46:32] [Server thread/INFO]: Saving chunks for level 'ServerLevel[Novo mundo]'/universecraft:moon
[13:46:32] [Server thread/INFO]: Saving chunks for level 'ServerLevel[Novo mundo]'/divinerpg:eden
[13:46:32] [Server thread/INFO]: Saving chunks for level 'ServerLevel[Novo mundo]'/bloodmagic:dungeon
[13:46:32] [Server thread/INFO]: Saving chunks for level 'ServerLevel[Novo mundo]'/divinerpg:iceika
[13:46:32] [Server thread/INFO]: Saving chunks for level 'ServerLevel[Novo mundo]'/universecraft:murcury
[13:46:32] [Server thread/INFO]: Saving chunks for level 'ServerLevel[Novo mundo]'/universecraft:saturn
[13:46:32] [Server thread/INFO]: Saving chunks for level 'ServerLevel[Novo mundo]'/ae2:spatial_storage
[13:49:15] [Render thread/INFO]: Minimap updated server level id: -1329989343 for world ResourceKey[minecraft:dimension / twilightforest:twilight_forest]
[13:49:18] [Server thread/WARN]: Can't keep up! Is the server overloaded? Running 4371ms or 87 ticks behind
[13:49:42] [Server thread/INFO]: Saving and pausing game...
[13:49:42] [Server thread/INFO]: Saving chunks for level 'ServerLevel[Novo mundo]'/minecraft:overworld
[13:49:42] [Server thread/INFO]: Saving chunks for level 'ServerLevel[Novo mundo]'/minecraft:the_end
[13:49:42] [Server thread/INFO]: Saving chunks for level 'ServerLevel[Novo mundo]'/universecraft:planet_mars
[13:49:42] [Server thread/INFO]: Saving chunks for level 'ServerLevel[Novo mundo]'/aether:the_aether
[13:49:43] [Server thread/INFO]: Saving chunks for level 'ServerLevel[Novo mundo]'/divinerpg:apalachia
[13:49:43] [Server thread/INFO]: Saving chunks for level 'ServerLevel[Novo mundo]'/universecraft:venus_planet
[13:49:43] [Server thread/INFO]: Saving chunks for level 'ServerLevel[Novo mundo]'/universecraft:jupiter
[13:49:43] [Server thread/INFO]: Saving chunks for level 'ServerLevel[Novo mundo]'/divinerpg:wildwood
[13:49:43] [Server thread/INFO]: Saving chunks for level 'ServerLevel[Novo mundo]'/divinerpg:arcana
[13:49:43] [Server thread/INFO]: Saving chunks for level 'ServerLevel[Novo mundo]'/divinerpg:mortum
[13:49:43] [Server thread/INFO]: Saving chunks for level 'ServerLevel[Novo mundo]'/twilightforest:twilight_forest
[13:49:43] [Server thread/INFO]: Saving chunks for level 'ServerLevel[Novo mundo]'/divinerpg:vethea
[13:49:43] [Server thread/INFO]: Saving chunks for level 'ServerLevel[Novo mundo]'/divinerpg:skythern
[13:49:43] [Server thread/INFO]: Saving chunks for level 'ServerLevel[Novo mundo]'/minecraft:the_nether
[13:49:43] [Server thread/INFO]: Saving chunks for level 'ServerLevel[Novo mundo]'/universecraft:moon
[13:49:43] [Server thread/INFO]: Saving chunks for level 'ServerLevel[Novo mundo]'/divinerpg:eden
[13:49:43] [Server thread/INFO]: Saving chunks for level 'ServerLevel[Novo mundo]'/bloodmagic:dungeon
[13:49:43] [Server thread/INFO]: Saving chunks for level 'ServerLevel[Novo mundo]'/divinerpg:iceika
[13:49:43] [Server thread/INFO]: Saving chunks for level 'ServerLevel[Novo mundo]'/universecraft:murcury
[13:49:43] [Server thread/INFO]: Saving chunks for level 'ServerLevel[Novo mundo]'/universecraft:saturn
[13:49:43] [Server thread/INFO]: Saving chunks for level 'ServerLevel[Novo mundo]'/ae2:spatial_storage
[13:49:49] [Server thread/INFO]: [alexsteam08: Modo de jogo definido para Modo Espectador]
[13:49:49] [Render thread/INFO]: [System] [CHAT] Modo de jogo definido para Modo Espectador
[13:49:59] [Server thread/INFO]: [alexsteam08: Modo de jogo definido para Modo Sobrevivência]
[13:49:59] [Render thread/INFO]: [System] [CHAT] Modo de jogo definido para Modo Sobrevivência
[13:53:07] [Server thread/INFO]: Saving and pausing game...
[13:53:07] [Server thread/INFO]: Saving chunks for level 'ServerLevel[Novo mundo]'/minecraft:overworld
[13:53:07] [Server thread/INFO]: Saving chunks for level 'ServerLevel[Novo mundo]'/minecraft:the_end
[13:53:07] [Server thread/INFO]: Saving chunks for level 'ServerLevel[Novo mundo]'/universecraft:planet_mars
[13:53:07] [Server thread/INFO]: Saving chunks for level 'ServerLevel[Novo mundo]'/aether:the_aether
[13:53:07] [Server thread/INFO]: Saving chunks for level 'ServerLevel[Novo mundo]'/divinerpg:apalachia
[13:53:07] [Server thread/INFO]: Saving chunks for level 'ServerLevel[Novo mundo]'/universecraft:venus_planet
[13:53:07] [Server thread/INFO]: Saving chunks for level 'ServerLevel[Novo mundo]'/universecraft:jupiter
[13:53:07] [Server thread/INFO]: Saving chunks for level 'ServerLevel[Novo mundo]'/divinerpg:wildwood
[13:53:07] [Server thread/INFO]: Saving chunks for level 'ServerLevel[Novo mundo]'/divinerpg:arcana
[13:53:07] [Server thread/INFO]: Saving chunks for level 'ServerLevel[Novo mundo]'/divinerpg:mortum
[13:53:07] [Server thread/INFO]: Saving chunks for level 'ServerLevel[Novo mundo]'/twilightforest:twilight_forest
[13:53:07] [Server thread/INFO]: Saving chunks for level 'ServerLevel[Novo mundo]'/divinerpg:vethea
[13:53:07] [Server thread/INFO]: Saving chunks for level 'ServerLevel[Novo mundo]'/divinerpg:skythern
[13:53:07] [Server thread/INFO]: Saving chunks for level 'ServerLevel[Novo mundo]'/minecraft:the_nether
[13:53:07] [Server thread/INFO]: Saving chunks for level 'ServerLevel[Novo mundo]'/universecraft:moon
[13:53:07] [Server thread/INFO]: Saving chunks for level 'ServerLevel[Novo mundo]'/divinerpg:eden
[13:53:07] [Server thread/INFO]: Saving chunks for level 'ServerLevel[Novo mundo]'/bloodmagic:dungeon
[13:53:07] [Server thread/INFO]: Saving chunks for level 'ServerLevel[Novo mundo]'/divinerpg:iceika
[13:53:07] [Server thread/INFO]: Saving chunks for level 'ServerLevel[Novo mundo]'/universecraft:murcury
[13:53:07] [Server thread/INFO]: Saving chunks for level 'ServerLevel[Novo mundo]'/universecraft:saturn
[13:53:07] [Server thread/INFO]: Saving chunks for level 'ServerLevel[Novo mundo]'/ae2:spatial_storage
[13:54:06] [Server thread/INFO]: alexsteam08 atingiu o objetivo [Hydra Slayer]
[13:54:06] [Render thread/INFO]: [System] [CHAT] alexsteam08 atingiu o objetivo [Hydra Slayer]
[13:54:06] [Render thread/INFO]: Loaded 1739 advancements
[13:54:11] [Render thread/INFO]: Loaded 1746 advancements
[13:54:13] [Render thread/INFO]: Loaded 1747 advancements
[13:59:12] [Render thread/INFO]: Loaded 1748 advancements
[14:02:11] [Render thread/INFO]: Loaded 1750 advancements
[14:03:35] [Server thread/INFO]: Saving and pausing game...
[14:03:35] [Server thread/INFO]: Saving chunks for level 'ServerLevel[Novo mundo]'/minecraft:overworld
[14:03:35] [Server thread/INFO]: Saving chunks for level 'ServerLevel[Novo mundo]'/minecraft:the_end
[14:03:35] [Server thread/INFO]: Saving chunks for level 'ServerLevel[Novo mundo]'/universecraft:planet_mars
[14:03:35] [Server thread/INFO]: Saving chunks for level 'ServerLevel[Novo mundo]'/aether:the_aether
[14:03:35] [Server thread/INFO]: Saving chunks for level 'ServerLevel[Novo mundo]'/divinerpg:apalachia
[14:03:35] [Server thread/INFO]: Saving chunks for level 'ServerLevel[Novo mundo]'/universecraft:venus_planet
[14:03:35] [Server thread/INFO]: Saving chunks for level 'ServerLevel[Novo mundo]'/universecraft:jupiter
[14:03:35] [Server thread/INFO]: Saving chunks for level 'ServerLevel[Novo mundo]'/divinerpg:wildwood
[14:03:35] [Server thread/INFO]: Saving chunks for level 'ServerLevel[Novo mundo]'/divinerpg:arcana
[14:03:35] [Server thread/INFO]: Saving chunks for level 'ServerLevel[Novo mundo]'/divinerpg:mortum
[14:03:35] [Server thread/INFO]: Saving chunks for level 'ServerLevel[Novo mundo]'/twilightforest:twilight_forest
[14:03:35] [Server thread/INFO]: Saving chunks for level 'ServerLevel[Novo mundo]'/divinerpg:vethea
[14:03:35] [Server thread/INFO]: Saving chunks for level 'ServerLevel[Novo mundo]'/divinerpg:skythern
[14:03:35] [Server thread/INFO]: Saving chunks for level 'ServerLevel[Novo mundo]'/minecraft:the_nether
[14:03:35] [Server thread/INFO]: Saving chunks for level 'ServerLevel[Novo mundo]'/universecraft:moon
[14:03:35] [Server thread/INFO]: Saving chunks for level 'ServerLevel[Novo mundo]'/divinerpg:eden
[14:03:35] [Server thread/INFO]: Saving chunks for level 'ServerLevel[Novo mundo]'/bloodmagic:dungeon
[14:03:35] [Server thread/INFO]: Saving chunks for level 'ServerLevel[Novo mundo]'/divinerpg:iceika
[14:03:35] [Server thread/INFO]: Saving chunks for level 'ServerLevel[Novo mundo]'/universecraft:murcury
[14:03:35] [Server thread/INFO]: Saving chunks for level 'ServerLevel[Novo mundo]'/universecraft:saturn
[14:03:35] [Server thread/INFO]: Saving chunks for level 'ServerLevel[Novo mundo]'/ae2:spatial_storage
[14:08:29] [Render thread/INFO]: Loaded 1751 advancements
[14:16:18] [Server thread/INFO]: Saving and pausing game...
[14:16:18] [Server thread/INFO]: Saving chunks for level 'ServerLevel[Novo mundo]'/minecraft:overworld
[14:16:18] [Server thread/INFO]: Saving chunks for level 'ServerLevel[Novo mundo]'/minecraft:the_end
[14:16:18] [Server thread/INFO]: Saving chunks for level 'ServerLevel[Novo mundo]'/universecraft:planet_mars
[14:16:18] [Server thread/INFO]: Saving chunks for level 'ServerLevel[Novo mundo]'/aether:the_aether
[14:16:18] [Server thread/INFO]: Saving chunks for level 'ServerLevel[Novo mundo]'/divinerpg:apalachia
[14:16:18] [Server thread/INFO]: Saving chunks for level 'ServerLevel[Novo mundo]'/universecraft:venus_planet
[14:16:18] [Server thread/INFO]: Saving chunks for level 'ServerLevel[Novo mundo]'/universecraft:jupiter
[14:16:18] [Server thread/INFO]: Saving chunks for level 'ServerLevel[Novo mundo]'/divinerpg:wildwood
[14:16:18] [Server thread/INFO]: Saving chunks for level 'ServerLevel[Novo mundo]'/divinerpg:arcana
[14:16:18] [Server thread/INFO]: Saving chunks for level 'ServerLevel[Novo mundo]'/divinerpg:mortum
[14:16:18] [Server thread/INFO]: Saving chunks for level 'ServerLevel[Novo mundo]'/twilightforest:twilight_forest
[14:16:18] [Server thread/INFO]: Saving chunks for level 'ServerLevel[Novo mundo]'/divinerpg:vethea
[14:16:18] [Server thread/INFO]: Saving chunks for level 'ServerLevel[Novo mundo]'/divinerpg:skythern
[14:16:18] [Server thread/INFO]: Saving chunks for level 'ServerLevel[Novo mundo]'/minecraft:the_nether
[14:16:18] [Server thread/INFO]: Saving chunks for level 'ServerLevel[Novo mundo]'/universecraft:moon
[14:16:18] [Server thread/INFO]: Saving chunks for level 'ServerLevel[Novo mundo]'/divinerpg:eden
[14:16:18] [Server thread/INFO]: Saving chunks for level 'ServerLevel[Novo mundo]'/bloodmagic:dungeon
[14:16:18] [Server thread/INFO]: Saving chunks for level 'ServerLevel[Novo mundo]'/divinerpg:iceika
[14:16:18] [Server thread/INFO]: Saving chunks for level 'ServerLevel[Novo mundo]'/universecraft:murcury
[14:16:18] [Server thread/INFO]: Saving chunks for level 'ServerLevel[Novo mundo]'/universecraft:saturn
[14:16:18] [Server thread/INFO]: Saving chunks for level 'ServerLevel[Novo mundo]'/ae2:spatial_storage
[14:16:21] [Server thread/INFO]: [alexsteam08: alexsteam08 foi teletransportado para -522.500000, 72.500000, -130.500000]
[14:16:21] [Render thread/INFO]: Minimap updated server level id: -1329989343 for world ResourceKey[minecraft:dimension / minecraft:overworld]
[14:16:21] [Render thread/INFO]: [System] [CHAT] alexsteam08 foi teletransportado para -522.500000, 72.500000, -130.500000
[14:17:26] [Render thread/INFO]: Loaded 1752 advancements
[14:19:17] [Server thread/INFO]: Saving and pausing game...
[14:19:17] [Server thread/INFO]: Saving chunks for level 'ServerLevel[Novo mundo]'/minecraft:overworld
[14:19:17] [Server thread/INFO]: Saving chunks for level 'ServerLevel[Novo mundo]'/minecraft:the_end
[14:19:17] [Server thread/INFO]: Saving chunks for level 'ServerLevel[Novo mundo]'/universecraft:planet_mars
[14:19:17] [Server thread/INFO]: Saving chunks for level 'ServerLevel[Novo mundo]'/aether:the_aether
[14:19:17] [Server thread/INFO]: Saving chunks for level 'ServerLevel[Novo mundo]'/divinerpg:apalachia
[14:19:17] [Server thread/INFO]: Saving chunks for level 'ServerLevel[Novo mundo]'/universecraft:venus_planet
[14:19:17] [Server thread/INFO]: Saving chunks for level 'ServerLevel[Novo mundo]'/universecraft:jupiter
[14:19:17] [Server thread/INFO]: Saving chunks for level 'ServerLevel[Novo mundo]'/divinerpg:wildwood
[14:19:17] [Server thread/INFO]: Saving chunks for level 'ServerLevel[Novo mundo]'/divinerpg:arcana
[14:19:17] [Server thread/INFO]: Saving chunks for level 'ServerLevel[Novo mundo]'/divinerpg:mortum
[14:19:17] [Server thread/INFO]: Saving chunks for level 'ServerLevel[Novo mundo]'/twilightforest:twilight_forest
[14:19:17] [Server thread/INFO]: Saving chunks for level 'ServerLevel[Novo mundo]'/divinerpg:vethea
[14:19:17] [Server thread/INFO]: Saving chunks for level 'ServerLevel[Novo mundo]'/divinerpg:skythern
[14:19:17] [Server thread/INFO]: Saving chunks for level 'ServerLevel[Novo mundo]'/minecraft:the_nether
[14:19:17] [Server thread/INFO]: Saving chunks for level 'ServerLevel[Novo mundo]'/universecraft:moon
[14:19:17] [Server thread/INFO]: Saving chunks for level 'ServerLevel[Novo mundo]'/divinerpg:eden
[14:19:17] [Server thread/INFO]: Saving chunks for level 'ServerLevel[Novo mundo]'/bloodmagic:dungeon
[14:19:17] [Server thread/INFO]: Saving chunks for level 'ServerLevel[Novo mundo]'/divinerpg:iceika
[14:19:17] [Server thread/INFO]: Saving chunks for level 'ServerLevel[Novo mundo]'/universecraft:murcury
[14:19:17] [Server thread/INFO]: Saving chunks for level 'ServerLevel[Novo mundo]'/universecraft:saturn
[14:19:17] [Server thread/INFO]: Saving chunks for level 'ServerLevel[Novo mundo]'/ae2:spatial_storage
[14:26:45] [Server thread/WARN]: Can't keep up! Is the server overloaded? Running 5560ms or 111 ticks behind
[14:33:12] [Server thread/WARN]: Can't keep up! Is the server overloaded? Running 3108ms or 62 ticks behind
[14:47:30] [Server thread/INFO]: Saving and pausing game...
[14:47:30] [Server thread/INFO]: Saving chunks for level 'ServerLevel[Novo mundo]'/minecraft:overworld
[14:47:31] [Server thread/INFO]: Saving chunks for level 'ServerLevel[Novo mundo]'/minecraft:the_end
[14:47:31] [Server thread/INFO]: Saving chunks for level 'ServerLevel[Novo mundo]'/universecraft:planet_mars
[14:47:31] [Server thread/INFO]: Saving chunks for level 'ServerLevel[Novo mundo]'/aether:the_aether
[14:47:31] [Server thread/INFO]: Saving chunks for level 'ServerLevel[Novo mundo]'/divinerpg:apalachia
[14:47:31] [Server thread/INFO]: Saving chunks for level 'ServerLevel[Novo mundo]'/universecraft:venus_planet
[14:47:31] [Server thread/INFO]: Saving chunks for level 'ServerLevel[Novo mundo]'/universecraft:jupiter
[14:47:31] [Server thread/INFO]: Saving chunks for level 'ServerLevel[Novo mundo]'/divinerpg:wildwood
[14:47:31] [Server thread/INFO]: Saving chunks for level 'ServerLevel[Novo mundo]'/divinerpg:arcana
[14:47:31] [Server thread/INFO]: Saving chunks for level 'ServerLevel[Novo mundo]'/divinerpg:mortum
[14:47:31] [Server thread/INFO]: Saving chunks for level 'ServerLevel[Novo mundo]'/twilightforest:twilight_forest
[14:47:31] [Server thread/INFO]: Saving chunks for level 'ServerLevel[Novo mundo]'/divinerpg:vethea
[14:47:31] [Server thread/INFO]: Saving chunks for level 'ServerLevel[Novo mundo]'/divinerpg:skythern
[14:47:31] [Server thread/INFO]: Saving chunks for level 'ServerLevel[Novo mundo]'/minecraft:the_nether
[14:47:31] [Server thread/INFO]: Saving chunks for level 'ServerLevel[Novo mundo]'/universecraft:moon
[14:47:31] [Server thread/INFO]: Saving chunks for level 'ServerLevel[Novo mundo]'/divinerpg:eden
[14:47:31] [Server thread/INFO]: Saving chunks for level 'ServerLevel[Novo mundo]'/bloodmagic:dungeon
[14:47:31] [Server thread/INFO]: Saving chunks for level 'ServerLevel[Novo mundo]'/divinerpg:iceika
[14:47:31] [Server thread/INFO]: Saving chunks for level 'ServerLevel[Novo mundo]'/universecraft:murcury
[14:47:31] [Server thread/INFO]: Saving chunks for level 'ServerLevel[Novo mundo]'/universecraft:saturn
[14:47:31] [Server thread/INFO]: Saving chunks for level 'ServerLevel[Novo mundo]'/ae2:spatial_storage
[14:47:33] [Server thread/INFO]: Saving and pausing game...
[14:47:33] [Server thread/INFO]: Saving chunks for level 'ServerLevel[Novo mundo]'/minecraft:overworld
[14:47:33] [Server thread/INFO]: Saving chunks for level 'ServerLevel[Novo mundo]'/minecraft:the_end
[14:47:33] [Server thread/INFO]: Saving chunks for level 'ServerLevel[Novo mundo]'/universecraft:planet_mars
[14:47:33] [Server thread/INFO]: Saving chunks for level 'ServerLevel[Novo mundo]'/aether:the_aether
[14:47:33] [Server thread/INFO]: Saving chunks for level 'ServerLevel[Novo mundo]'/divinerpg:apalachia
[14:47:33] [Server thread/INFO]: Saving chunks for level 'ServerLevel[Novo mundo]'/universecraft:venus_planet
[14:47:33] [Server thread/INFO]: Saving chunks for level 'ServerLevel[Novo mundo]'/universecraft:jupiter
[14:47:33] [Server thread/INFO]: Saving chunks for level 'ServerLevel[Novo mundo]'/divinerpg:wildwood
[14:47:33] [Server thread/INFO]: Saving chunks for level 'ServerLevel[Novo mundo]'/divinerpg:arcana
[14:47:33] [Server thread/INFO]: Saving chunks for level 'ServerLevel[Novo mundo]'/divinerpg:mortum
[14:47:33] [Server thread/INFO]: Saving chunks for level 'ServerLevel[Novo mundo]'/twilightforest:twilight_forest
[14:47:33] [Server thread/INFO]: Saving chunks for level 'ServerLevel[Novo mundo]'/divinerpg:vethea
[14:47:33] [Server thread/INFO]: Saving chunks for level 'ServerLevel[Novo mundo]'/divinerpg:skythern
[14:47:33] [Server thread/INFO]: Saving chunks for level 'ServerLevel[Novo mundo]'/minecraft:the_nether
[14:47:33] [Server thread/INFO]: Saving chunks for level 'ServerLevel[Novo mundo]'/universecraft:moon
[14:47:33] [Server thread/INFO]: Saving chunks for level 'ServerLevel[Novo mundo]'/divinerpg:eden
[14:47:33] [Server thread/INFO]: Saving chunks for level 'ServerLevel[Novo mundo]'/bloodmagic:dungeon
[14:47:33] [Server thread/INFO]: Saving chunks for level 'ServerLevel[Novo mundo]'/divinerpg:iceika
[14:47:33] [Server thread/INFO]: Saving chunks for level 'ServerLevel[Novo mundo]'/universecraft:murcury
[14:47:33] [Server thread/INFO]: Saving chunks for level 'ServerLevel[Novo mundo]'/universecraft:saturn
[14:47:33] [Server thread/INFO]: Saving chunks for level 'ServerLevel[Novo mundo]'/ae2:spatial_storage
[14:48:06] [Server thread/INFO]: Saving and pausing game...
[14:48:06] [Server thread/INFO]: Saving chunks for level 'ServerLevel[Novo mundo]'/minecraft:overworld
[14:48:06] [Server thread/INFO]: Saving chunks for level 'ServerLevel[Novo mundo]'/minecraft:the_end
[14:48:06] [Server thread/INFO]: Saving chunks for level 'ServerLevel[Novo mundo]'/universecraft:planet_mars
[14:48:06] [Server thread/INFO]: Saving chunks for level 'ServerLevel[Novo mundo]'/aether:the_aether
[14:48:06] [Server thread/INFO]: Saving chunks for level 'ServerLevel[Novo mundo]'/divinerpg:apalachia
[14:48:06] [Server thread/INFO]: Saving chunks for level 'ServerLevel[Novo mundo]'/universecraft:venus_planet
[14:48:06] [Server thread/INFO]: Saving chunks for level 'ServerLevel[Novo mundo]'/universecraft:jupiter
[14:48:06] [Server thread/INFO]: Saving chunks for level 'ServerLevel[Novo mundo]'/divinerpg:wildwood
[14:48:06] [Server thread/INFO]: Saving chunks for level 'ServerLevel[Novo mundo]'/divinerpg:arcana
[14:48:06] [Server thread/INFO]: Saving chunks for level 'ServerLevel[Novo mundo]'/divinerpg:mortum
[14:48:06] [Server thread/INFO]: Saving chunks for level 'ServerLevel[Novo mundo]'/twilightforest:twilight_forest
[14:48:07] [Server thread/INFO]: Saving chunks for level 'ServerLevel[Novo mundo]'/divinerpg:vethea
[14:48:07] [Server thread/INFO]: Saving chunks for level 'ServerLevel[Novo mundo]'/divinerpg:skythern
[14:48:07] [Server thread/INFO]: Saving chunks for level 'ServerLevel[Novo mundo]'/minecraft:the_nether
[14:48:07] [Server thread/INFO]: Saving chunks for level 'ServerLevel[Novo mundo]'/universecraft:moon
[14:48:07] [Server thread/INFO]: Saving chunks for level 'ServerLevel[Novo mundo]'/divinerpg:eden
[14:48:07] [Server thread/INFO]: Saving chunks for level 'ServerLevel[Novo mundo]'/bloodmagic:dungeon
[14:48:07] [Server thread/INFO]: Saving chunks for level 'ServerLevel[Novo mundo]'/divinerpg:iceika
[14:48:07] [Server thread/INFO]: Saving chunks for level 'ServerLevel[Novo mundo]'/universecraft:murcury
[14:48:07] [Server thread/INFO]: Saving chunks for level 'ServerLevel[Novo mundo]'/universecraft:saturn
[14:48:07] [Server thread/INFO]: Saving chunks for level 'ServerLevel[Novo mundo]'/ae2:spatial_storage
[14:49:25] [Server thread/INFO]: Saving and pausing game...
[14:49:25] [Server thread/INFO]: Saving chunks for level 'ServerLevel[Novo mundo]'/minecraft:overworld
[14:49:25] [Server thread/INFO]: Saving chunks for level 'ServerLevel[Novo mundo]'/minecraft:the_end
[14:49:25] [Server thread/INFO]: Saving chunks for level 'ServerLevel[Novo mundo]'/universecraft:planet_mars
[14:49:25] [Server thread/INFO]: Saving chunks for level 'ServerLevel[Novo mundo]'/aether:the_aether
[14:49:25] [Server thread/INFO]: Saving chunks for level 'ServerLevel[Novo mundo]'/divinerpg:apalachia
[14:49:25] [Server thread/INFO]: Saving chunks for level 'ServerLevel[Novo mundo]'/universecraft:venus_planet
[14:49:25] [Server thread/INFO]: Saving chunks for level 'ServerLevel[Novo mundo]'/universecraft:jupiter
[14:49:25] [Server thread/INFO]: Saving chunks for level 'ServerLevel[Novo mundo]'/divinerpg:wildwood
[14:49:25] [Server thread/INFO]: Saving chunks for level 'ServerLevel[Novo mundo]'/divinerpg:arcana
[14:49:25] [Server thread/INFO]: Saving chunks for level 'ServerLevel[Novo mundo]'/divinerpg:mortum
[14:49:25] [Server thread/INFO]: Saving chunks for level 'ServerLevel[Novo mundo]'/twilightforest:twilight_forest
[14:49:25] [Server thread/INFO]: Saving chunks for level 'ServerLevel[Novo mundo]'/divinerpg:vethea
[14:49:25] [Server thread/INFO]: Saving chunks for level 'ServerLevel[Novo mundo]'/divinerpg:skythern
[14:49:25] [Server thread/INFO]: Saving chunks for level 'ServerLevel[Novo mundo]'/minecraft:the_nether
[14:49:25] [Server thread/INFO]: Saving chunks for level 'ServerLevel[Novo mundo]'/universecraft:moon
[14:49:25] [Server thread/INFO]: Saving chunks for level 'ServerLevel[Novo mundo]'/divinerpg:eden
[14:49:25] [Server thread/INFO]: Saving chunks for level 'ServerLevel[Novo mundo]'/bloodmagic:dungeon
[14:49:25] [Server thread/INFO]: Saving chunks for level 'ServerLevel[Novo mundo]'/divinerpg:iceika
[14:49:25] [Server thread/INFO]: Saving chunks for level 'ServerLevel[Novo mundo]'/universecraft:murcury
[14:49:25] [Server thread/INFO]: Saving chunks for level 'ServerLevel[Novo mundo]'/universecraft:saturn
[14:49:25] [Server thread/INFO]: Saving chunks for level 'ServerLevel[Novo mundo]'/ae2:spatial_storage
[14:49:49] [Server thread/INFO]: Saving and pausing game...
[14:49:49] [Server thread/INFO]: Saving chunks for level 'ServerLevel[Novo mundo]'/minecraft:overworld
[14:49:49] [Server thread/INFO]: Saving chunks for level 'ServerLevel[Novo mundo]'/minecraft:the_end
[14:49:49] [Server thread/INFO]: Saving chunks for level 'ServerLevel[Novo mundo]'/universecraft:planet_mars
[14:49:49] [Server thread/INFO]: Saving chunks for level 'ServerLevel[Novo mundo]'/aether:the_aether
[14:49:49] [Server thread/INFO]: Saving chunks for level 'ServerLevel[Novo mundo]'/divinerpg:apalachia
[14:49:49] [Server thread/INFO]: Saving chunks for level 'ServerLevel[Novo mundo]'/universecraft:venus_planet
[14:49:49] [Server thread/INFO]: Saving chunks for level 'ServerLevel[Novo mundo]'/universecraft:jupiter
[14:49:49] [Server thread/INFO]: Saving chunks for level 'ServerLevel[Novo mundo]'/divinerpg:wildwood
[14:49:49] [Server thread/INFO]: Saving chunks for level 'ServerLevel[Novo mundo]'/divinerpg:arcana
[14:49:49] [Server thread/INFO]: Saving chunks for level 'ServerLevel[Novo mundo]'/divinerpg:mortum
[14:49:49] [Server thread/INFO]: Saving chunks for level 'ServerLevel[Novo mundo]'/twilightforest:twilight_forest
[14:49:49] [Server thread/INFO]: Saving chunks for level 'ServerLevel[Novo mundo]'/divinerpg:vethea
[14:49:49] [Server thread/INFO]: Saving chunks for level 'ServerLevel[Novo mundo]'/divinerpg:skythern
[14:49:49] [Server thread/INFO]: Saving chunks for level 'ServerLevel[Novo mundo]'/minecraft:the_nether
[14:49:49] [Server thread/INFO]: Saving chunks for level 'ServerLevel[Novo mundo]'/universecraft:moon
[14:49:49] [Server thread/INFO]: Saving chunks for level 'ServerLevel[Novo mundo]'/divinerpg:eden
[14:49:49] [Server thread/INFO]: Saving chunks for level 'ServerLevel[Novo mundo]'/bloodmagic:dungeon
[14:49:49] [Server thread/INFO]: Saving chunks for level 'ServerLevel[Novo mundo]'/divinerpg:iceika
[14:49:49] [Server thread/INFO]: Saving chunks for level 'ServerLevel[Novo mundo]'/universecraft:murcury
[14:49:49] [Server thread/INFO]: Saving chunks for level 'ServerLevel[Novo mundo]'/universecraft:saturn
[14:49:49] [Server thread/INFO]: Saving chunks for level 'ServerLevel[Novo mundo]'/ae2:spatial_storage
[14:59:55] [Server thread/WARN]: Can't keep up! Is the server overloaded? Running 3758ms or 75 ticks behind
[15:02:40] [Server thread/INFO]: Saving and pausing game...
[15:02:40] [Server thread/INFO]: Saving chunks for level 'ServerLevel[Novo mundo]'/minecraft:overworld
[15:02:41] [Server thread/INFO]: Saving chunks for level 'ServerLevel[Novo mundo]'/minecraft:the_end
[15:02:41] [Server thread/INFO]: Saving chunks for level 'ServerLevel[Novo mundo]'/universecraft:planet_mars
[15:02:41] [Server thread/INFO]: Saving chunks for level 'ServerLevel[Novo mundo]'/aether:the_aether
[15:02:41] [Server thread/INFO]: Saving chunks for level 'ServerLevel[Novo mundo]'/divinerpg:apalachia
[15:02:41] [Server thread/INFO]: Saving chunks for level 'ServerLevel[Novo mundo]'/universecraft:venus_planet
[15:02:41] [Server thread/INFO]: Saving chunks for level 'ServerLevel[Novo mundo]'/universecraft:jupiter
[15:02:41] [Server thread/INFO]: Saving chunks for level 'ServerLevel[Novo mundo]'/divinerpg:wildwood
[15:02:41] [Server thread/INFO]: Saving chunks for level 'ServerLevel[Novo mundo]'/divinerpg:arcana
[15:02:41] [Server thread/INFO]: Saving chunks for level 'ServerLevel[Novo mundo]'/divinerpg:mortum
[15:02:41] [Server thread/INFO]: Saving chunks for level 'ServerLevel[Novo mundo]'/twilightforest:twilight_forest
[15:02:41] [Server thread/INFO]: Saving chunks for level 'ServerLevel[Novo mundo]'/divinerpg:vethea
[15:02:41] [Server thread/INFO]: Saving chunks for level 'ServerLevel[Novo mundo]'/divinerpg:skythern
[15:02:41] [Server thread/INFO]: Saving chunks for level 'ServerLevel[Novo mundo]'/minecraft:the_nether
[15:02:41] [Server thread/INFO]: Saving chunks for level 'ServerLevel[Novo mundo]'/universecraft:moon
[15:02:41] [Server thread/INFO]: Saving chunks for level 'ServerLevel[Novo mundo]'/divinerpg:eden
[15:02:41] [Server thread/INFO]: Saving chunks for level 'ServerLevel[Novo mundo]'/bloodmagic:dungeon
[15:02:41] [Server thread/INFO]: Saving chunks for level 'ServerLevel[Novo mundo]'/divinerpg:iceika
[15:02:41] [Server thread/INFO]: Saving chunks for level 'ServerLevel[Novo mundo]'/universecraft:murcury
[15:02:41] [Server thread/INFO]: Saving chunks for level 'ServerLevel[Novo mundo]'/universecraft:saturn
[15:02:41] [Server thread/INFO]: Saving chunks for level 'ServerLevel[Novo mundo]'/ae2:spatial_storage
[15:02:42] [Server thread/WARN]: Can't keep up! Is the server overloaded? Running 2464ms or 49 ticks behind
[15:12:27] [Server thread/WARN]: Can't keep up! Is the server overloaded? Running 2436ms or 48 ticks behind
[16:32:56] [Server thread/INFO]: Saving and pausing game...
[16:32:56] [Server thread/INFO]: Saving chunks for level 'ServerLevel[Novo mundo]'/minecraft:overworld
[16:32:56] [Server thread/INFO]: Saving chunks for level 'ServerLevel[Novo mundo]'/minecraft:the_end
[16:32:56] [Server thread/INFO]: Saving chunks for level 'ServerLevel[Novo mundo]'/universecraft:planet_mars
[16:32:56] [Server thread/INFO]: Saving chunks for level 'ServerLevel[Novo mundo]'/aether:the_aether
[16:32:56] [Server thread/INFO]: Saving chunks for level 'ServerLevel[Novo mundo]'/divinerpg:apalachia
[16:32:56] [Server thread/INFO]: Saving chunks for level 'ServerLevel[Novo mundo]'/universecraft:venus_planet
[16:32:56] [Server thread/INFO]: Saving chunks for level 'ServerLevel[Novo mundo]'/universecraft:jupiter
[16:32:56] [Server thread/INFO]: Saving chunks for level 'ServerLevel[Novo mundo]'/divinerpg:wildwood
[16:32:56] [Server thread/INFO]: Saving chunks for level 'ServerLevel[Novo mundo]'/divinerpg:arcana
[16:32:56] [Server thread/INFO]: Saving chunks for level 'ServerLevel[Novo mundo]'/divinerpg:mortum
[16:32:56] [Server thread/INFO]: Saving chunks for level 'ServerLevel[Novo mundo]'/twilightforest:twilight_forest
[16:32:56] [Server thread/INFO]: Saving chunks for level 'ServerLevel[Novo mundo]'/divinerpg:vethea
[16:32:56] [Server thread/INFO]: Saving chunks for level 'ServerLevel[Novo mundo]'/divinerpg:skythern
[16:32:56] [Server thread/INFO]: Saving chunks for level 'ServerLevel[Novo mundo]'/minecraft:the_nether
[16:32:56] [Server thread/INFO]: Saving chunks for level 'ServerLevel[Novo mundo]'/universecraft:moon
[16:32:56] [Server thread/INFO]: Saving chunks for level 'ServerLevel[Novo mundo]'/divinerpg:eden
[16:32:56] [Server thread/INFO]: Saving chunks for level 'ServerLevel[Novo mundo]'/bloodmagic:dungeon
[16:32:56] [Server thread/INFO]: Saving chunks for level 'ServerLevel[Novo mundo]'/divinerpg:iceika
[16:32:57] [Server thread/INFO]: Saving chunks for level 'ServerLevel[Novo mundo]'/universecraft:murcury
[16:32:57] [Server thread/INFO]: Saving chunks for level 'ServerLevel[Novo mundo]'/universecraft:saturn
[16:32:57] [Server thread/INFO]: Saving chunks for level 'ServerLevel[Novo mundo]'/ae2:spatial_storage
[16:34:30] [Server thread/INFO]: Saving and pausing game...
[16:34:30] [Server thread/INFO]: Saving chunks for level 'ServerLevel[Novo mundo]'/minecraft:overworld
[16:34:30] [Server thread/INFO]: Saving chunks for level 'ServerLevel[Novo mundo]'/minecraft:the_end
[16:34:30] [Server thread/INFO]: Saving chunks for level 'ServerLevel[Novo mundo]'/universecraft:planet_mars
[16:34:30] [Server thread/INFO]: Saving chunks for level 'ServerLevel[Novo mundo]'/aether:the_aether
[16:34:30] [Server thread/INFO]: Saving chunks for level 'ServerLevel[Novo mundo]'/divinerpg:apalachia
[16:34:30] [Server thread/INFO]: Saving chunks for level 'ServerLevel[Novo mundo]'/universecraft:venus_planet
[16:34:30] [Server thread/INFO]: Saving chunks for level 'ServerLevel[Novo mundo]'/universecraft:jupiter
[16:34:30] [Server thread/INFO]: Saving chunks for level 'ServerLevel[Novo mundo]'/divinerpg:wildwood
[16:34:30] [Server thread/INFO]: Saving chunks for level 'ServerLevel[Novo mundo]'/divinerpg:arcana
[16:34:30] [Server thread/INFO]: Saving chunks for level 'ServerLevel[Novo mundo]'/divinerpg:mortum
[16:34:30] [Server thread/INFO]: Saving chunks for level 'ServerLevel[Novo mundo]'/twilightforest:twilight_forest
[16:34:30] [Server thread/INFO]: Saving chunks for level 'ServerLevel[Novo mundo]'/divinerpg:vethea
[16:34:30] [Server thread/INFO]: Saving chunks for level 'ServerLevel[Novo mundo]'/divinerpg:skythern
[16:34:30] [Server thread/INFO]: Saving chunks for level 'ServerLevel[Novo mundo]'/minecraft:the_nether
[16:34:30] [Server thread/INFO]: Saving chunks for level 'ServerLevel[Novo mundo]'/universecraft:moon
[16:34:30] [Server thread/INFO]: Saving chunks for level 'ServerLevel[Novo mundo]'/divinerpg:eden
[16:34:30] [Server thread/INFO]: Saving chunks for level 'ServerLevel[Novo mundo]'/bloodmagic:dungeon
[16:34:30] [Server thread/INFO]: Saving chunks for level 'ServerLevel[Novo mundo]'/divinerpg:iceika
[16:34:30] [Server thread/INFO]: Saving chunks for level 'ServerLevel[Novo mundo]'/universecraft:murcury
[16:34:30] [Server thread/INFO]: Saving chunks for level 'ServerLevel[Novo mundo]'/universecraft:saturn
[16:34:30] [Server thread/INFO]: Saving chunks for level 'ServerLevel[Novo mundo]'/ae2:spatial_storage
[16:34:46] [Render thread/INFO]: Finalizing world map session...
[16:34:46] [Thread-7/INFO]: World map cleaned normally!
[16:34:46] [Render thread/INFO]: World map session finalized.
[16:34:46] [Render thread/INFO]: Xaero hud session finalized.
[16:34:46] [Render thread/INFO]: Stopping JEI
[16:34:46] [Render thread/INFO]: Sending Runtime Unavailable...
[16:34:46] [Render thread/INFO]: Stopping JEI GUI
[16:34:46] [Render thread/INFO]: Sending Runtime Unavailable took 31.68 milliseconds
[16:34:46] [Render thread/INFO]: Released client Flux Networks cache
[16:34:47] [Server thread/INFO]: alexsteam08 lost connection: Desconectado
[16:34:47] [Server thread/INFO]: alexsteam08 saiu do jogo
[16:34:47] [Server thread/INFO]: Stopping singleplayer server as player logged out
[16:34:47] [Server thread/INFO]: Stopping server
[16:34:47] [Server thread/INFO]: Saving players
[16:34:47] [Server thread/INFO]: Saving worlds
[16:34:52] [Server thread/INFO]: Saving chunks for level 'ServerLevel[Novo mundo]'/minecraft:overworld
[16:34:54] [Server thread/INFO]: Saving chunks for level 'ServerLevel[Novo mundo]'/minecraft:the_end
[16:34:54] [Server thread/INFO]: Saving chunks for level 'ServerLevel[Novo mundo]'/universecraft:planet_mars
[16:34:54] [Server thread/INFO]: Saving chunks for level 'ServerLevel[Novo mundo]'/aether:the_aether
[16:34:54] [Server thread/INFO]: Saving chunks for level 'ServerLevel[Novo mundo]'/divinerpg:apalachia
[16:34:54] [Server thread/INFO]: Saving chunks for level 'ServerLevel[Novo mundo]'/universecraft:venus_planet
[16:34:54] [Server thread/INFO]: Saving chunks for level 'ServerLevel[Novo mundo]'/universecraft:jupiter
[16:34:54] [Server thread/INFO]: Saving chunks for level 'ServerLevel[Novo mundo]'/divinerpg:wildwood
[16:34:54] [Server thread/INFO]: Saving chunks for level 'ServerLevel[Novo mundo]'/divinerpg:arcana
[16:34:54] [Server thread/INFO]: Saving chunks for level 'ServerLevel[Novo mundo]'/divinerpg:mortum
[16:34:54] [Server thread/INFO]: Saving chunks for level 'ServerLevel[Novo mundo]'/twilightforest:twilight_forest
[16:34:54] [Server thread/INFO]: Saving chunks for level 'ServerLevel[Novo mundo]'/divinerpg:vethea
[16:34:54] [Server thread/INFO]: Saving chunks for level 'ServerLevel[Novo mundo]'/divinerpg:skythern
[16:34:54] [Server thread/INFO]: Saving chunks for level 'ServerLevel[Novo mundo]'/minecraft:the_nether
[16:34:54] [Server thread/INFO]: Saving chunks for level 'ServerLevel[Novo mundo]'/universecraft:moon
[16:34:54] [Server thread/INFO]: Saving chunks for level 'ServerLevel[Novo mundo]'/divinerpg:eden
[16:34:54] [Server thread/INFO]: Saving chunks for level 'ServerLevel[Novo mundo]'/bloodmagic:dungeon
[16:34:54] [Server thread/INFO]: Saving chunks for level 'ServerLevel[Novo mundo]'/divinerpg:iceika
[16:34:54] [Server thread/INFO]: Saving chunks for level 'ServerLevel[Novo mundo]'/universecraft:murcury
[16:34:54] [Server thread/INFO]: Saving chunks for level 'ServerLevel[Novo mundo]'/universecraft:saturn
[16:34:54] [Server thread/INFO]: Saving chunks for level 'ServerLevel[Novo mundo]'/ae2:spatial_storage
[16:34:55] [Server thread/INFO]: ThreadedAnvilChunkStorage (Novo mundo): All chunks are saved
[16:34:55] [Server thread/INFO]: ThreadedAnvilChunkStorage (DIM1): All chunks are saved
[16:34:55] [Server thread/INFO]: ThreadedAnvilChunkStorage (planet_mars): All chunks are saved
[16:34:55] [Server thread/INFO]: ThreadedAnvilChunkStorage (the_aether): All chunks are saved
[16:34:55] [Server thread/INFO]: ThreadedAnvilChunkStorage (apalachia): All chunks are saved
[16:34:55] [Server thread/INFO]: ThreadedAnvilChunkStorage (venus_planet): All chunks are saved
[16:34:55] [Server thread/INFO]: ThreadedAnvilChunkStorage (jupiter): All chunks are saved
[16:34:55] [Server thread/INFO]: ThreadedAnvilChunkStorage (wildwood): All chunks are saved
[16:34:55] [Server thread/INFO]: ThreadedAnvilChunkStorage (arcana): All chunks are saved
[16:34:55] [Server thread/INFO]: ThreadedAnvilChunkStorage (mortum): All chunks are saved
[16:34:55] [Server thread/INFO]: ThreadedAnvilChunkStorage (twilight_forest): All chunks are saved
[16:34:55] [Server thread/INFO]: ThreadedAnvilChunkStorage (vethea): All chunks are saved
[16:34:55] [Server thread/INFO]: ThreadedAnvilChunkStorage (skythern): All chunks are saved
[16:34:55] [Server thread/INFO]: ThreadedAnvilChunkStorage (DIM-1): All chunks are saved
[16:34:55] [Server thread/INFO]: ThreadedAnvilChunkStorage (moon): All chunks are saved
[16:34:55] [Server thread/INFO]: ThreadedAnvilChunkStorage (eden): All chunks are saved
[16:34:55] [Server thread/INFO]: ThreadedAnvilChunkStorage (dungeon): All chunks are saved
[16:34:55] [Server thread/INFO]: ThreadedAnvilChunkStorage (iceika): All chunks are saved
[16:34:55] [Server thread/INFO]: ThreadedAnvilChunkStorage (murcury): All chunks are saved
[16:34:55] [Server thread/INFO]: ThreadedAnvilChunkStorage (saturn): All chunks are saved
[16:34:55] [Server thread/INFO]: ThreadedAnvilChunkStorage (spatial_storage): All chunks are saved
[16:34:55] [Server thread/INFO]: ThreadedAnvilChunkStorage: All dimensions are saved
[16:35:23] [Server thread/INFO]: Energy blacklist loaded: 1 block entries, 0 item entries
[16:39:17] [Render thread/INFO]: Stopping!
[16:39:17] [Render thread/INFO]: Released client Flux Networks cache
